,Dateformat,Time,Network,Home,Away,Viewers,Year,Postseason,Week,Home Rank,Away Rank,HomeConf,AwayConf,FBSConfGame,HomeOff,HomeDef,AwayOff,AwayDef,HomePred,AwayPred,OUPred,Line,OULine,HomeWins,HomeLosses,AwayWins,AwayLosses,HomeGames,AwayGames,RecDifferentials,TV_OTA,TV_ESPN,TV_Cable_ESPN2,TV_Cable_FS1,ViewersK,HomeBin,AwayBin,AddBin,MultBin,HasACC,HasBigTen,HasBig12,HasPac12,HasSEC,HasFCS,A5vA5,A5vG5,G5vG5,Top2,Top5,Top10,Top15,Top25,Real date,OnThursday,OnFriday,OnSaturday,Hour,EarlyAfternoon,LateAfternoon,PrimeTime,LatePrime,Window_A_Games,Window_B_Games,Window_C_Games,Games_In_Window,pred,diff,diffpct
0,2022-08-27,12:30:00,FOX,Northwestern,Nebraska,4419000,2022,0,0,,,Big Ten,Big Ten,1,31.671378091872793,20.20212014134276,34.13346402127633,20.71625441696113,26.193816254416962,27.167792081309546,53.36160833572651,0.0,0.0,0,0,0.0,0.0,0,0.0,0.0,1,0,0,0,4419.0,22,28,50,616,0,1,0,0,0,0,1,0,0,0,0,0,0,0,2022-08-27,0,0,1,12,1,0,0,0,0,0,0,0,4212.8,206.0,4
1,2022-08-27,15:00:00,FS1,Utah State,Connecticut,517000,2022,0,0,,,Mt. West,Independent,0,31.671378091872793,20.20212014134276,34.13346402127633,20.71625441696113,26.193816254416962,27.167792081309546,53.36160833572651,0.0,0.0,0,0,0.0,0.0,0,0.0,0.0,0,0,0,1,517.0,10,14,24,140,0,0,0,0,0,0,0,0,1,0,0,0,0,0,2022-08-27,0,0,1,15,0,1,0,0,0,0,0,0,329.3,188.0,57
2,2022-08-27,22:00:00,ESPN2,New Mexico State,Nevada,304000,2022,0,0,,,Independent,Mt. West,0,31.671378091872793,20.20212014134276,34.13346402127633,20.71625441696113,26.193816254416962,27.167792081309546,53.36160833572651,0.0,0.0,0,0,0.0,0.0,0,0.0,0.0,0,0,1,0,304.0,10,10,20,100,0,0,0,0,0,0,0,0,1,0,0,0,0,0,2022-08-27,0,0,1,22,0,0,0,1,0,0,0,0,517.9,-214.0,41
3,2022-09-01,19:00:00,FS1,Oklahoma State,Central Michigan,402000,2022,0,1,12.0,,Big 12,MAC,0,31.671378091872793,20.20212014134276,34.13346402127633,20.71625441696113,26.193816254416962,27.167792081309546,53.36160833572651,0.0,0.0,0,0,0.0,0.0,0,0.0,0.0,0,0,0,1,402.0,20,10,30,200,0,0,1,0,0,0,0,1,0,0,0,0,1,1,2022-09-01,1,0,0,19,0,0,1,0,2,0,0,2,672.7,-271.0,40
4,2022-09-01,19:00:00,ESPN,Pittsburgh,West Virginia,3152000,2022,0,1,17.0,,ACC,Big 12,0,31.671378091872793,20.20212014134276,34.13346402127633,20.71625441696113,26.193816254416962,27.167792081309546,53.36160833572651,0.0,0.0,0,0,0.0,0.0,0,0.0,0.0,0,1,0,0,3152.0,20,15,35,300,1,0,1,0,0,0,1,0,0,0,0,0,0,1,2022-09-01,1,0,0,19,0,0,1,0,2,0,0,2,1711.5,1440.0,84
5,2022-09-01,20:00:00,FOX,Purdue,Penn State,3512000,2022,0,1,,,Big Ten,Big Ten,1,31.671378091872793,20.20212014134276,34.13346402127633,20.71625441696113,26.193816254416962,27.167792081309546,53.36160833572651,0.0,0.0,0,0,0.0,0.0,0,0.0,0.0,1,0,0,0,3512.0,18,29,47,522,0,1,0,0,0,0,1,0,0,0,0,0,0,0,2022-09-01,1,0,0,20,0,0,1,0,2,0,0,2,3452.7,59.0,1
6,2022-09-02,19:00:00,ESPN,Michigan State,Western Michigan,1345000,2022,0,1,15.0,,Big Ten,MAC,0,31.671378091872793,20.20212014134276,34.13346402127633,20.71625441696113,26.193816254416962,27.167792081309546,53.36160833572651,0.0,0.0,0,0,0.0,0.0,0,0.0,0.0,0,1,0,0,1345.0,34,14,48,476,0,1,0,0,0,0,0,1,0,0,0,0,1,1,2022-09-02,0,1,0,19,0,0,1,0,1,0,0,1,2712.9,-1368.0,50
7,2022-09-02,20:00:00,FS1,Indiana,Illinois,965000,2022,0,1,,,Big Ten,Big Ten,1,31.671378091872793,20.20212014134276,38.0,6.0,18.835689045936398,29.10106007067138,47.93674911660778,0.0,0.0,0,0,1.0,0.0,0,1.0,1.0,0,0,0,1,965.0,26,12,38,312,0,1,0,0,0,0,1,0,0,0,0,0,0,0,2022-09-02,0,1,0,20,0,0,1,0,1,0,0,1,906.3,59.0,6
8,2022-09-02,22:30:00,ESPN,Colorado,TCU,1245000,2022,0,1,,,Pac-12,Big 12,0,31.671378091872793,20.20212014134276,34.13346402127633,20.71625441696113,26.193816254416962,27.167792081309546,53.36160833572651,0.0,0.0,0,0,0.0,0.0,0,0.0,0.0,0,1,0,0,1245.0,16,19,35,304,0,0,1,1,0,0,1,0,0,0,0,0,0,0,2022-09-02,0,1,0,22,0,0,0,1,0,0,0,0,1700.9,-456.0,26
9,2022-09-03,12:00:00,ABC,Michigan,Colorado State,3929000,2022,0,1,8.0,,Big Ten,Mt. West,0,31.671378091872793,20.20212014134276,34.13346402127633,20.71625441696113,26.193816254416962,27.167792081309546,53.36160833572651,0.0,0.0,0,0,0.0,0.0,0,0.0,0.0,1,0,0,0,3929.0,44,10,54,440,0,1,0,0,0,0,0,1,0,0,0,1,1,1,2022-09-03,0,0,1,12,1,0,0,0,1,0,0,1,3356.3,573.0,17
10,2022-09-03,12:00:00,ESPN,East Carolina,NC State,2031000,2022,0,1,,13.0,AAC,ACC,0,31.671378091872793,20.20212014134276,34.13346402127633,20.71625441696113,26.193816254416962,27.167792081309546,53.36160833572651,0.0,0.0,0,0,0.0,0.0,0,0.0,0.0,0,1,0,0,2031.0,10,0,10,0,1,0,0,0,0,0,0,1,0,0,0,0,1,1,2022-09-03,0,0,1,12,1,0,0,0,1,0,0,1,1629.7,401.0,24
11,2022-09-03,15:30:00,ABC,Georgia,Oregon,6199000,2022,0,1,3.0,11.0,SEC,Pac-12,0,31.671378091872793,20.20212014134276,34.13346402127633,20.71625441696113,26.193816254416962,27.167792081309546,53.36160833572651,0.0,0.0,0,0,0.0,0.0,0,0.0,0.0,1,0,0,0,6199.0,40,21,61,840,0,0,0,1,1,0,1,0,0,0,1,1,2,2,2022-09-03,0,0,1,15,0,1,0,0,4,0,0,4,4820.2,1379.0,28
12,2022-09-03,15:30:00,FOX,Oklahoma,UTEP,1215000,2022,0,1,9.0,,Big 12,C-USA,0,31.671378091872793,20.20212014134276,34.13346402127633,20.71625441696113,26.193816254416962,27.167792081309546,53.36160833572651,0.0,0.0,0,0,0.0,1.0,0,1.0,-1.0,1,0,0,0,1215.0,28,10,38,280,0,0,1,0,0,0,0,1,0,0,0,1,1,1,2022-09-03,0,0,1,15,0,1,0,0,4,0,0,4,2488.0,-1273.0,51
13,2022-09-03,15:30:00,ESPN,Arkansas,Cincinnati,2899000,2022,0,1,19.0,23.0,SEC,AAC,0,31.671378091872793,20.20212014134276,34.13346402127633,20.71625441696113,26.193816254416962,27.167792081309546,53.36160833572651,0.0,0.0,0,0,0.0,0.0,0,0.0,0.0,0,1,0,0,2899.0,28,15,43,420,0,0,0,0,1,0,0,1,0,0,0,0,0,2,2022-09-03,0,0,1,15,0,1,0,0,4,0,0,4,2096.6,802.0,38
14,2022-09-03,15:30:00,CBS,San Diego State,Arizona,921000,2022,0,1,,,Mt. West,Pac-12,0,31.671378091872793,20.20212014134276,34.13346402127633,20.71625441696113,26.193816254416962,27.167792081309546,53.36160833572651,0.0,0.0,0,0,0.0,0.0,0,0.0,0.0,1,0,0,0,921.0,10,15,25,150,0,0,0,1,0,0,0,1,0,0,0,0,0,0,2022-09-03,0,0,1,15,0,1,0,0,4,0,0,4,1686.9,-766.0,45
15,2022-09-03,15:30:00,FS1,Wyoming,Tulsa,361000,2022,0,1,,,Mt. West,AAC,0,31.671378091872793,20.20212014134276,34.13346402127633,20.71625441696113,26.193816254416962,27.167792081309546,53.36160833572651,0.0,0.0,0,0,0.0,0.0,0,0.0,0.0,0,0,0,1,361.0,10,10,20,100,0,0,0,0,0,0,0,0,1,0,0,0,0,0,2022-09-03,0,0,1,15,0,1,0,0,4,0,0,4,251.7,109.0,43
16,2022-09-03,19:00:00,ESPN,Florida,Utah,2951000,2022,0,1,,7.0,SEC,Mt. West,0,31.671378091872793,20.20212014134276,34.13346402127633,20.71625441696113,26.193816254416962,27.167792081309546,53.36160833572651,0.0,0.0,0,0,0.0,0.0,0,0.0,0.0,0,1,0,0,2951.0,37,19,56,703,0,0,0,0,1,0,0,1,0,0,0,1,1,1,2022-09-03,0,0,1,19,0,0,1,0,2,0,0,2,3103.7,-153.0,4
17,2022-09-03,19:00:00,FS1,Wisconsin,Illinois State,498000,2022,0,1,18.0,,Big Ten,FCS,0,31.671378091872793,20.20212014134276,34.13346402127633,20.71625441696113,26.193816254416962,27.167792081309546,53.36160833572651,0.0,0.0,0,0,0.0,0.0,0,0.0,0.0,0,0,0,1,498.0,32,0,32,0,0,1,0,0,0,1,0,0,0,0,0,0,0,1,2022-09-03,0,0,1,19,0,0,1,0,2,0,0,2,679.4,-181.0,26
18,2022-09-03,19:30:00,ABC,Ohio State,Notre Dame,10531000,2022,0,1,2.0,5.0,Big Ten,Independent,0,31.671378091872793,20.20212014134276,34.13346402127633,20.71625441696113,26.193816254416962,27.167792081309546,53.36160833572651,0.0,0.0,0,0,0.0,0.0,0,0.0,0.0,1,0,0,0,10531.0,50,32,82,1600,0,1,0,0,0,0,0,1,0,1,2,2,2,2,2022-09-03,0,0,1,19,0,0,1,0,2,0,0,2,9885.0,646.0,6
19,2022-09-03,22:30:00,ESPN,Oregon State,Boise State,1249000,2022,0,1,,,Pac-12,Mt. West,0,31.671378091872793,20.20212014134276,34.13346402127633,20.71625441696113,26.193816254416962,27.167792081309546,53.36160833572651,0.0,0.0,0,0,0.0,0.0,0,0.0,0.0,0,1,0,0,1249.0,14,10,24,140,0,0,0,1,0,0,0,1,0,0,0,0,0,0,2022-09-03,0,0,1,22,0,0,0,1,1,0,0,1,1250.2,-1.0,0
20,2022-09-03,22:30:00,FS1,Washington,Kent State,319000,2022,0,1,,,Pac-12,MAC,0,31.671378091872793,20.20212014134276,34.13346402127633,20.71625441696113,26.193816254416962,27.167792081309546,53.36160833572651,0.0,0.0,0,0,0.0,0.0,0,0.0,0.0,0,0,0,1,319.0,16,10,26,160,0,0,0,1,0,0,0,1,0,0,0,0,0,0,2022-09-03,0,0,1,22,0,0,0,1,1,0,0,1,487.1,-168.0,34
21,2022-09-04,16:30:00,ABC,LSU,Florida State,7554000,2022,0,1,,,SEC,ACC,0,47.0,7.0,34.13346402127633,20.71625441696113,33.85812720848057,20.566732010638166,54.42485921911873,0.0,0.0,1,0,0.0,0.0,1,0.0,1.0,1,0,0,0,7554.0,42,32,74,1344,1,0,0,0,1,0,1,0,0,0,0,0,0,0,2022-09-04,0,0,0,16,0,1,0,0,0,0,0,0,6211.6,1342.0,21
22,2022-09-05,20:00:00,ESPN,Georgia Tech,Clemson,4859000,2022,0,1,,4.0,ACC,ACC,1,31.671378091872793,20.20212014134276,34.13346402127633,20.71625441696113,26.193816254416962,27.167792081309546,53.36160833572651,0.0,0.0,0,0,0.0,0.0,0,0.0,0.0,0,1,0,0,4859.0,20,31,51,620,1,0,0,0,0,0,1,0,0,0,1,1,1,1,2022-09-05,0,0,0,20,0,0,1,0,0,0,0,0,3359.5,1500.0,44
23,2022-09-09,19:30:00,ESPN2,UCF,Louisville,1846000,2022,0,2,,,AAC,ACC,0,56.0,10.0,7.0,31.0,43.5,8.5,52.0,0.0,0.0,1,0,0.0,1.0,1,1.0,0.0,0,0,1,0,1846.0,13,21,34,273,1,0,0,0,0,0,0,1,0,0,0,0,0,0,2022-09-09,0,1,0,19,0,0,1,0,0,0,0,0,899.4,947.0,105
24,2022-09-10,12:00:00,FOX,Texas,Alabama,10595000,2022,0,2,,1.0,Big 12,SEC,0,52.0,10.0,55.0,20.71625441696113,36.35812720848057,32.5,68.85812720848057,0.0,0.0,1,0,1.0,0.0,1,1.0,2.0,1,0,0,0,10595.0,25,50,75,1250,0,0,1,0,1,0,1,0,0,1,1,1,1,1,2022-09-10,0,0,1,12,1,0,0,0,4,0,0,4,5245.9,5349.0,101
25,2022-09-10,12:00:00,ESPN,Arkansas,South Carolina,1516000,2022,0,2,16.0,,SEC,SEC,1,31.0,24.0,35.0,14.0,22.5,29.5,52.0,0.0,0.0,1,0,1.0,0.0,1,1.0,2.0,0,1,0,0,1516.0,28,25,53,700,0,0,0,0,1,0,1,0,0,0,0,0,0,1,2022-09-10,0,0,1,12,1,0,0,0,4,0,0,4,2422.7,-907.0,37
26,2022-09-10,12:00:00,ESPN2,Kansas State,Missouri,490000,2022,0,2,,,Big 12,SEC,0,34.0,20.20212014134276,52.0,24.0,29.0,36.10106007067138,65.10106007067138,0.0,0.0,1,0,1.0,0.0,1,1.0,2.0,0,0,1,0,490.0,11,25,36,275,0,0,1,0,1,0,1,0,0,0,0,0,0,0,2022-09-10,0,0,1,12,1,0,0,0,4,0,0,4,832.5,-342.0,41
27,2022-09-10,12:00:00,ABC,Penn State,Ohio,1660000,2022,0,2,,,Big Ten,MAC,0,35.0,31.0,41.0,38.0,36.5,36.0,72.5,0.0,0.0,1,0,1.0,0.0,1,1.0,2.0,1,0,0,0,1660.0,29,10,39,290,0,1,0,0,0,0,0,1,0,0,0,0,0,0,2022-09-10,0,0,1,12,1,0,0,0,4,0,0,4,2340.9,-681.0,29
28,2022-09-10,14:30:00,NBC,Notre Dame,Marshall,2479000,2022,0,2,8.0,,Independent,C-USA,0,10.0,21.0,55.0,3.0,6.5,38.0,44.5,0.0,0.0,0,1,1.0,0.0,1,1.0,0.0,1,0,0,0,2479.0,32,10,42,320,0,0,0,0,0,0,0,0,1,0,0,1,1,1,2022-09-10,0,0,1,14,1,0,0,0,4,0,0,4,2414.4,65.0,2
29,2022-09-10,15:30:00,ESPN2,Texas A&M,Appalachian State,1771000,2022,0,2,6.0,,SEC,Sun Belt,0,31.0,20.20212014134276,61.0,63.0,47.0,40.60106007067138,87.60106007067138,0.0,0.0,1,0,0.0,1.0,1,1.0,0.0,0,0,1,0,1771.0,35,10,45,350,0,0,0,0,1,0,0,1,0,0,0,1,1,1,2022-09-10,0,0,1,15,0,1,0,0,4,0,0,4,1116.5,654.0,58
30,2022-09-10,15:30:00,ABC,Pittsburgh,Tennessee,4457000,2022,0,2,17.0,24.0,ACC,SEC,0,38.0,31.0,59.0,10.0,24.0,45.0,69.0,0.0,0.0,1,0,1.0,0.0,1,1.0,2.0,1,0,0,0,4457.0,20,31,51,620,1,0,0,0,1,0,1,0,0,0,0,0,0,2,2022-09-10,0,0,1,15,0,1,0,0,4,0,0,4,3873.0,584.0,15
31,2022-09-10,15:30:00,FOX,Wisconsin,Washington State,3920000,2022,0,2,19.0,,Big Ten,Pac-12,0,38.0,20.20212014134276,24.0,17.0,27.5,22.10106007067138,49.60106007067138,0.0,0.0,1,0,1.0,0.0,1,1.0,2.0,1,0,0,0,3920.0,32,15,47,480,0,1,0,1,0,0,1,0,0,0,0,0,0,1,2022-09-10,0,0,1,15,0,1,0,0,4,0,0,4,3068.4,852.0,27
32,2022-09-10,15:30:00,CBS,Air Force,Colorado,808000,2022,0,2,,,Mt. West,Pac-12,0,48.0,17.0,13.0,38.0,43.0,15.0,58.0,0.0,0.0,1,0,0.0,1.0,1,1.0,0.0,1,0,0,0,808.0,10,16,26,160,0,0,0,1,0,0,0,1,0,0,0,0,0,0,2022-09-10,0,0,1,15,0,1,0,0,4,0,0,4,1673.7,-866.0,51
33,2022-09-10,16:00:00,FS1,Texas Tech,Houston,633000,2022,0,2,,25.0,Big 12,Big 12,1,63.0,10.0,37.0,35.0,49.0,23.5,72.5,0.0,0.0,1,0,1.0,0.0,1,1.0,2.0,0,0,0,1,633.0,14,13,27,182,0,0,1,0,0,0,1,0,0,0,0,0,0,1,2022-09-10,0,0,1,16,0,1,0,0,4,0,0,4,591.4,42.0,7
34,2022-09-10,19:00:00,ESPN,Florida,Kentucky,4333000,2022,0,2,12.0,20.0,SEC,SEC,1,29.0,26.0,37.0,13.0,21.0,31.5,52.5,0.0,0.0,1,0,1.0,0.0,1,1.0,2.0,0,1,0,0,4333.0,37,21,58,777,0,0,0,0,1,0,1,0,0,0,0,0,1,2,2022-09-10,0,0,1,19,0,0,1,0,3,0,0,3,3036.0,1297.0,42
35,2022-09-10,19:30:00,ESPN2,Oklahoma State,Arizona State,1019000,2022,0,2,11.0,,Big 12,Pac-12,0,58.0,44.0,40.0,3.0,30.5,42.0,72.5,0.0,0.0,1,0,1.0,0.0,1,1.0,2.0,0,0,1,0,1019.0,20,18,38,360,0,0,1,1,0,0,1,0,0,0,0,0,1,1,2022-09-10,0,0,1,19,0,0,1,0,3,0,0,3,1092.3,-73.0,6
36,2022-09-10,19:30:00,ABC,Stanford,USC,2961000,2022,0,2,,10.0,Pac-12,Pac-12,1,41.0,10.0,66.0,14.0,27.5,38.0,65.5,0.0,0.0,1,0,1.0,0.0,1,1.0,2.0,1,0,0,0,2961.0,20,22,42,440,0,0,0,1,0,0,1,0,0,0,0,1,1,1,2022-09-10,0,0,1,19,0,0,1,0,3,0,0,3,2893.4,68.0,2
37,2022-09-10,19:30:00,FS1,Nebraska,Georgia Southern,1241000,2022,0,2,,,Big Ten,Sun Belt,0,33.0,24.0,59.0,7.0,20.0,41.5,61.5,0.0,0.0,1,1,1.0,0.0,2,1.0,1.0,0,0,0,1,1241.0,28,10,38,280,0,1,0,0,0,0,0,1,0,0,0,0,0,0,2022-09-10,0,0,1,19,0,0,1,0,3,0,0,3,732.2,509.0,69
38,2022-09-10,22:15:00,ESPN,BYU,Baylor,2372000,2022,0,2,21.0,9.0,Mt. West,Big 12,0,50.0,21.0,69.0,10.0,30.0,45.0,75.0,0.0,0.0,1,0,1.0,0.0,1,1.0,2.0,0,1,0,0,2372.0,14,19,33,266,0,0,1,0,0,0,0,1,0,0,0,1,1,2,2022-09-10,0,0,1,22,0,0,0,1,1,0,0,1,2478.4,-106.0,4
39,2022-09-10,23:00:00,FS1,Arizona,Mississippi State,471000,2022,0,2,,,Pac-12,SEC,0,38.0,20.0,49.0,23.0,30.5,34.5,65.0,0.0,0.0,1,0,1.0,0.0,1,1.0,2.0,0,0,0,1,471.0,15,25,40,375,0,0,0,1,1,0,1,0,0,0,0,0,0,0,2022-09-10,0,0,1,23,0,0,0,1,1,0,0,1,946.7,-476.0,50
40,2022-09-16,19:30:00,ESPN,Louisville,Florida State,2753000,2022,0,3,,,ACC,ACC,1,13.5,22.5,35.5,15.0,14.25,29.0,43.25,0.0,0.0,1,1,2.0,0.0,2,2.0,2.0,0,1,0,0,2753.0,21,32,53,672,1,0,0,0,0,0,1,0,0,0,0,0,0,0,2022-09-16,0,1,0,19,0,0,1,0,0,0,0,0,2929.2,-176.0,6
41,2022-09-17,12:00:00,ESPN,South Carolina,Georgia,3001000,2022,0,3,,1.0,SEC,SEC,1,32.5,29.0,41.0,1.5,17.0,35.0,52.0,0.0,0.0,1,1,2.0,0.0,2,2.0,2.0,0,1,0,0,3001.0,25,40,65,1000,0,0,0,0,1,0,1,0,0,1,1,1,1,1,2022-09-17,0,0,1,12,1,0,0,0,5,0,0,5,3094.4,-93.0,3
42,2022-09-17,12:00:00,ABC,Michigan,Connecticut,2027000,2022,0,3,4.0,,Big Ten,Independent,0,53.5,8.5,20.7,27.3,40.4,14.6,55.0,0.0,0.0,2,0,1.0,2.0,2,3.0,1.0,1,0,0,0,2027.0,44,14,58,616,0,1,0,0,0,0,0,1,0,0,1,1,1,1,2022-09-17,0,0,1,12,1,0,0,0,5,0,0,5,3723.6,-1697.0,45
43,2022-09-17,12:00:00,FOX,Nebraska,Oklahoma,3414000,2022,0,3,,6.0,Big Ten,Big 12,0,36.0,31.0,39.0,8.0,22.0,35.0,57.0,0.0,0.0,1,2,2.0,0.0,3,2.0,1.0,1,0,0,0,3414.0,28,28,56,784,0,1,1,0,0,0,1,0,0,0,0,1,1,1,2022-09-17,0,0,1,12,1,0,0,0,5,0,0,5,3687.2,-273.0,7
44,2022-09-17,12:00:00,FS1,Baylor,Texas State,221000,2022,0,3,17.0,,Big 12,Sun Belt,0,44.5,18.0,27.5,25.0,34.75,22.75,57.5,0.0,0.0,1,1,1.0,1.0,2,2.0,0.0,0,0,0,1,221.0,19,10,29,190,0,0,1,0,0,0,0,1,0,0,0,0,0,1,2022-09-17,0,0,1,12,1,0,0,0,5,0,0,5,454.4,-233.0,51
45,2022-09-17,12:00:00,ESPN2,Syracuse,Purdue,1213000,2022,0,3,,,ACC,Big Ten,0,39.5,10.5,43.5,17.5,28.5,27.0,55.5,0.0,0.0,2,0,1.0,1.0,2,2.0,2.0,0,0,1,0,1213.0,20,18,38,360,1,1,0,0,0,0,1,0,0,0,0,0,0,0,2022-09-17,0,0,1,12,1,0,0,0,5,0,0,5,661.6,551.0,83
46,2022-09-17,14:30:00,NBC,Notre Dame,California,2905000,2022,0,3,,,Independent,Pac-12,0,15.5,23.5,27.0,13.5,14.5,25.25,39.75,0.0,0.0,0,2,2.0,0.0,2,2.0,0.0,1,0,0,0,2905.0,32,11,43,352,0,0,0,1,0,0,0,1,0,0,0,0,0,0,2022-09-17,0,0,1,14,1,0,0,0,5,0,0,5,2372.0,533.0,22
47,2022-09-17,15:30:00,FOX,Oregon,BYU,2579000,2022,0,3,25.0,12.0,Pac-12,Mt. West,0,36.5,31.5,38.0,20.5,28.5,34.75,63.25,0.0,0.0,1,1,2.0,0.0,2,2.0,2.0,1,0,0,0,2579.0,21,14,35,294,0,0,0,1,0,0,0,1,0,0,0,0,1,2,2022-09-17,0,0,1,15,0,1,0,0,3,0,0,3,2824.5,-246.0,8
48,2022-09-17,15:30:00,ABC,Georgia Tech,Mississippi,1392000,2022,0,3,,20.0,ACC,SEC,0,22.5,29.0,43.5,6.5,14.5,36.25,50.75,0.0,0.0,1,1,2.0,0.0,2,2.0,2.0,1,0,0,0,1392.0,20,28,48,560,1,0,0,0,1,0,1,0,0,0,0,0,0,1,2022-09-17,0,0,1,15,0,1,0,0,3,0,0,3,2954.5,-1562.0,52
49,2022-09-17,15:30:00,CBS,Auburn,Penn State,4054000,2022,0,3,,22.0,SEC,Big Ten,0,33.0,16.0,40.5,20.5,26.75,28.25,55.0,0.0,0.0,2,0,2.0,0.0,2,2.0,4.0,1,0,0,0,4054.0,40,29,69,1160,0,1,0,0,1,0,1,0,0,0,0,0,0,1,2022-09-17,0,0,1,15,0,1,0,0,3,0,0,3,4659.9,-606.0,13
50,2022-09-17,15:30:00,ESPN2,Minnesota,Colorado,690000,2022,0,3,,,Big Ten,Pac-12,0,50.0,5.0,11.5,39.5,44.75,8.25,53.0,0.0,0.0,2,0,0.0,2.0,2,2.0,0.0,0,0,1,0,690.0,20,16,36,320,0,1,0,1,0,0,1,0,0,0,0,0,0,0,2022-09-17,0,0,1,15,0,1,0,0,3,0,0,3,828.6,-139.0,16
51,2022-09-17,18:00:00,ESPN,LSU,Mississippi State,3055000,2022,0,3,,,SEC,SEC,1,44.0,20.5,44.0,20.0,32.0,32.25,64.25,0.0,0.0,1,1,2.0,0.0,2,2.0,2.0,0,1,0,0,3055.0,42,25,67,1050,0,0,0,0,1,0,1,0,0,0,0,0,0,0,2022-09-17,0,0,1,18,0,0,1,0,4,0,0,4,2489.2,566.0,22
52,2022-09-17,19:00:00,FOX,Ohio State,Toledo,3048000,2022,0,3,3.0,,Big Ten,MAC,0,33.0,11.0,46.0,5.0,19.0,28.5,47.5,0.0,0.0,2,0,2.0,0.0,2,2.0,4.0,1,0,0,0,3048.0,50,10,60,500,0,1,0,0,0,0,0,1,0,0,1,1,1,1,2022-09-17,0,0,1,19,0,0,1,0,4,0,0,4,4187.0,-1139.0,27
53,2022-09-17,19:00:00,ESPN2,NC State,Texas Tech,747000,2022,0,3,16.0,,ACC,Big 12,0,38.0,11.5,48.0,20.0,29.0,29.75,58.75,0.0,0.0,2,0,2.0,0.0,2,2.0,4.0,0,0,1,0,747.0,0,14,14,0,1,0,1,0,0,0,1,0,0,0,0,0,0,1,2022-09-17,0,0,1,19,0,0,1,0,4,0,0,4,601.6,145.0,24
54,2022-09-17,19:30:00,ABC,Washington,Michigan State,2791000,2022,0,3,,11.0,Pac-12,Big Ten,0,48.5,13.0,43.5,6.5,27.5,28.25,55.75,0.0,0.0,2,0,2.0,0.0,2,2.0,4.0,1,0,0,0,2791.0,16,34,50,544,0,1,0,1,0,0,1,0,0,0,0,0,1,1,2022-09-17,0,0,1,19,0,0,1,0,4,0,0,4,3369.6,-579.0,17
55,2022-09-17,19:30:00,FS1,Maryland,SMU,257000,2022,0,3,,,Big Ten,AAC,0,43.5,15.5,46.5,13.0,28.25,31.0,59.25,0.0,0.0,2,0,2.0,0.0,2,2.0,4.0,0,0,0,1,257.0,20,10,30,200,0,1,0,0,0,0,0,1,0,0,0,0,0,0,2022-09-17,0,0,1,19,0,0,1,0,4,0,0,4,390.1,-133.0,34
56,2022-09-17,21:00:00,ESPN,Texas A&M,Miami (Florida),3400000,2022,0,3,24.0,13.0,SEC,ACC,0,22.5,8.5,50.0,10.0,16.25,29.25,45.5,0.0,0.0,1,1,2.0,0.0,2,2.0,2.0,0,1,0,0,3400.0,35,20,55,700,1,0,0,0,1,0,1,0,0,0,0,0,1,2,2022-09-17,0,0,1,21,0,0,0,1,2,0,0,2,3237.4,163.0,5
57,2022-09-17,22:00:00,ESPN2,Utah,San Diego State,326000,2022,0,3,14.0,,Pac-12,Mt. West,0,49.5,18.0,29.0,22.5,36.0,23.5,59.5,0.0,0.0,1,1,1.0,1.0,2,2.0,0.0,0,0,1,0,326.0,19,10,29,190,0,0,0,1,0,0,0,1,0,0,0,0,1,1,2022-09-17,0,0,1,22,0,0,0,1,2,0,0,2,859.7,-534.0,62
58,2022-09-17,22:30:00,FOX,USC,Fresno State,1623000,2022,0,3,7.0,,Pac-12,Mt. West,0,53.5,21.0,33.5,21.0,37.25,27.25,64.5,0.0,0.0,2,0,1.0,1.0,2,2.0,2.0,1,0,0,0,1623.0,22,10,32,220,0,0,0,1,0,0,0,1,0,0,0,1,1,1,2022-09-17,0,0,1,22,0,0,0,1,2,0,0,2,2499.1,-876.0,35
59,2022-09-22,19:30:00,ESPN,Virginia Tech,West Virginia,1596000,2022,0,4,,,ACC,Big 12,0,23.7,12.3,46.0,33.3,28.5,29.15,57.65,0.0,0.0,2,1,1.0,2.0,3,3.0,0.0,0,1,0,0,1596.0,23,15,38,345,1,0,1,0,0,0,1,0,0,0,0,0,0,0,2022-09-22,1,0,0,19,0,0,1,0,1,0,0,1,1574.0,22.0,1
60,2022-09-22,19:30:00,ESPN2,Georgia State,Coastal Carolina,224000,2022,0,4,,,Sun Belt,Sun Belt,1,27.7,37.3,35.7,27.0,27.35,36.5,63.85,0.0,0.0,0,3,3.0,0.0,3,3.0,0.0,0,0,1,0,224.0,10,10,20,100,0,0,0,0,0,0,0,0,1,0,0,0,0,0,2022-09-22,1,0,0,19,0,0,1,0,1,0,0,1,348.8,-125.0,35
61,2022-09-23,19:00:00,ESPN,Syracuse,Virginia,1792000,2022,0,4,,,ACC,ACC,1,37.0,16.7,17.7,18.3,27.65,17.2,44.849999999999994,0.0,0.0,3,0,2.0,1.0,3,3.0,4.0,0,1,0,0,1792.0,20,20,40,400,1,0,0,0,0,0,1,0,0,0,0,0,0,0,2022-09-23,0,1,0,19,0,0,1,0,1,0,0,1,1568.9,223.0,14
62,2022-09-23,20:00:00,FS1,Air Force,Nevada,312000,2022,0,4,,,Mt. West,Mt. West,1,34.3,14.7,25.5,27.0,30.65,20.1,50.75,0.0,0.0,2,1,2.0,2.0,3,4.0,1.0,0,0,0,1,312.0,10,10,20,100,0,0,0,0,0,0,0,0,1,0,0,0,0,0,2022-09-23,0,1,0,20,0,0,1,0,1,0,0,1,294.1,18.0,6
63,2022-09-24,12:00:00,FOX,Michigan,Maryland,4378000,2022,0,4,4.0,,Big Ten,Big Ten,1,55.3,5.7,40.3,19.3,37.3,23.0,60.3,0.0,0.0,3,0,3.0,0.0,3,3.0,6.0,1,0,0,0,4378.0,44,20,64,880,0,1,0,0,0,0,1,0,0,0,1,1,1,1,2022-09-24,0,0,1,12,1,0,0,0,4,0,0,4,4067.0,311.0,7
64,2022-09-24,12:00:00,ABC,Wake Forest,Clemson,3178000,2022,0,4,21.0,5.0,ACC,ACC,1,42.0,23.7,41.3,14.0,28.0,32.5,60.5,0.0,0.0,3,0,3.0,0.0,3,3.0,6.0,1,0,0,0,3178.0,15,31,46,465,1,0,0,0,0,0,1,0,0,0,1,1,1,2,2022-09-24,0,0,1,12,1,0,0,0,4,0,0,4,3782.8,-605.0,15
65,2022-09-24,12:00:00,ESPN2,Iowa State,Baylor,762000,2022,0,4,,17.0,Big 12,Big 12,1,31.7,9.0,43.7,14.3,23.0,26.35,49.35,0.0,0.0,3,0,2.0,1.0,3,3.0,4.0,0,0,1,0,762.0,12,19,31,228,0,0,1,0,0,0,1,0,0,0,0,0,0,1,2022-09-24,0,0,1,12,1,0,0,0,4,0,0,4,717.3,45.0,6
66,2022-09-24,12:00:00,ESPN,Auburn,Missouri,2066000,2022,0,4,,,SEC,SEC,1,26.0,24.3,32.7,27.0,26.5,28.5,55.0,0.0,0.0,2,1,2.0,1.0,3,3.0,2.0,0,1,0,0,2066.0,40,25,65,1000,0,0,0,0,1,0,1,0,0,0,0,0,0,0,2022-09-24,0,0,1,12,1,0,0,0,4,0,0,4,2452.9,-387.0,15
67,2022-09-24,12:00:00,FS1,Kansas,Duke,441000,2022,0,4,,,Big 12,ACC,0,53.0,27.3,36.7,14.3,33.65,32.0,65.65,0.0,0.0,3,0,3.0,0.0,3,3.0,6.0,0,0,0,1,441.0,10,14,24,140,1,0,1,0,0,0,1,0,0,0,0,0,0,0,2022-09-24,0,0,1,12,1,0,0,0,4,0,0,4,472.6,-32.0,6
68,2022-09-24,15:30:00,CBS,Tennessee,Florida,5571000,2022,0,4,11.0,20.0,SEC,SEC,1,52.0,14.3,25.3,26.7,39.35,19.8,59.150000000000006,0.0,0.0,3,0,2.0,1.0,3,3.0,4.0,1,0,0,0,5571.0,31,37,68,1147,0,0,0,0,1,0,1,0,0,0,0,0,1,2,2022-09-24,0,0,1,15,0,1,0,0,4,0,0,4,4993.3,578.0,11
69,2022-09-24,15:30:00,ESPN,Texas Tech,Texas,2277000,2022,0,4,,22.0,Big 12,Big 12,1,36.7,22.3,37.3,16.7,26.700000000000003,29.799999999999997,56.5,0.0,0.0,2,1,2.0,1.0,3,3.0,2.0,0,1,0,0,2277.0,14,25,39,350,0,0,1,0,0,0,1,0,0,0,0,0,0,1,2022-09-24,0,0,1,15,0,1,0,0,4,0,0,4,1475.1,802.0,54
70,2022-09-24,15:30:00,ABC,North Carolina,Notre Dame,3458000,2022,0,4,,,ACC,Independent,0,51.3,37.7,18.3,21.3,36.3,28.0,64.3,0.0,0.0,3,0,1.0,2.0,3,3.0,2.0,1,0,0,0,3458.0,20,32,52,640,1,0,0,0,0,0,0,1,0,0,0,0,0,0,2022-09-24,0,0,1,15,0,1,0,0,4,0,0,4,3131.1,327.0,10
71,2022-09-24,15:30:00,ESPN2,Cincinnati,Indiana,482000,2022,0,4,,,AAC,Big Ten,0,41.7,19.3,30.3,24.0,32.85,24.8,57.650000000000006,0.0,0.0,2,1,3.0,0.0,3,3.0,4.0,0,0,1,0,482.0,15,26,41,390,0,1,0,0,0,0,0,1,0,0,0,0,0,0,2022-09-24,0,0,1,15,0,1,0,0,4,0,0,4,728.7,-247.0,33
72,2022-09-24,16:00:00,FOX,Washington State,Oregon,2270000,2022,0,4,,15.0,Pac-12,Pac-12,1,26.3,12.7,38.0,27.7,27.0,25.35,52.35,0.0,0.0,3,0,2.0,1.0,3,3.0,4.0,1,0,0,0,2270.0,15,21,36,315,0,0,0,1,0,0,1,0,0,0,0,0,1,1,2022-09-24,0,0,1,16,0,1,0,0,4,0,0,4,2035.3,235.0,11
73,2022-09-24,19:00:00,ESPN2,Kentucky,Northern Illinois,555000,2022,0,4,8.0,,SEC,MAC,0,31.3,9.7,32.3,34.3,32.8,21.0,53.8,0.0,0.0,3,0,1.0,2.0,3,3.0,2.0,0,0,1,0,555.0,21,0,21,0,0,0,0,0,1,0,0,1,0,0,0,1,1,1,2022-09-24,0,0,1,19,0,0,1,0,4,0,0,4,726.6,-172.0,23
74,2022-09-24,19:00:00,ESPN,Texas A&M,Arkansas,3495000,2022,0,4,23.0,10.0,SEC,SEC,1,20.7,8.7,37.7,27.0,23.85,23.200000000000003,47.050000000000004,0.0,0.0,2,1,3.0,0.0,3,3.0,4.0,0,1,0,0,3495.0,35,28,63,980,0,0,0,0,1,0,1,0,0,0,0,1,1,2,2022-09-24,0,0,1,19,0,0,1,0,4,0,0,4,3688.5,-194.0,5
75,2022-09-24,19:00:00,FS1,Rutgers,Iowa,739000,2022,0,4,,,Big Ten,Big Ten,1,34.7,14.0,13.7,4.3,19.5,13.85,33.35,0.0,0.0,3,0,2.0,1.0,3,3.0,4.0,0,0,0,1,739.0,18,21,39,378,0,1,0,0,0,0,1,0,0,0,0,0,0,0,2022-09-24,0,0,1,19,0,0,1,0,4,0,0,4,672.3,67.0,9
76,2022-09-24,19:30:00,ABC,Ohio State,Wisconsin,4587000,2022,0,4,3.0,,Big Ten,Big Ten,1,47.7,14.3,39.3,8.0,27.85,26.799999999999997,54.65,0.0,0.0,3,0,2.0,1.0,3,3.0,4.0,1,0,0,0,4587.0,50,32,82,1600,0,1,0,0,0,0,1,0,0,0,1,1,1,1,2022-09-24,0,0,1,19,0,0,1,0,4,0,0,4,5627.8,-1041.0,18
77,2022-09-24,20:00:00,FOX,Oklahoma,Kansas State,3369000,2022,0,4,6.0,,Big 12,Big 12,1,42.3,10.0,28.0,9.7,26.0,19.0,45.0,0.0,0.0,3,0,2.0,1.0,3,3.0,4.0,1,0,0,0,3369.0,28,11,39,308,0,0,1,0,0,0,1,0,0,0,0,1,1,1,2022-09-24,0,0,1,20,0,0,1,0,4,0,0,4,2642.2,727.0,27
78,2022-09-24,22:15:00,ESPN2,BYU,Wyoming,609000,2022,0,4,19.0,,Mt. West,FCS,0,32.0,27.3,24.0,24.8,28.4,25.65,54.05,0.0,0.0,2,1,3.0,1.0,3,4.0,3.0,0,0,1,0,609.0,14,10,24,140,0,0,0,0,0,1,0,0,0,0,0,0,0,1,2022-09-24,0,0,1,22,0,0,0,1,2,0,0,2,614.4,-5.0,0
79,2022-09-24,22:30:00,ESPN,Arizona State,Utah,1207000,2022,0,4,,13.0,Pac-12,Pac-12,1,26.0,22.3,44.7,14.3,20.15,33.5,53.65,0.0,0.0,1,2,2.0,1.0,3,3.0,0.0,0,1,0,0,1207.0,18,19,37,342,0,0,0,1,0,0,1,0,0,0,0,0,1,1,2022-09-24,0,0,1,22,0,0,0,1,2,0,0,2,1669.1,-462.0,27
80,2022-09-24,22:30:00,FS1,Washington,Stanford,532000,2022,0,4,18.0,,Pac-12,Pac-12,1,45.3,18.0,34.5,25.5,35.4,26.25,61.65,0.0,0.0,3,0,1.0,1.0,3,2.0,3.0,0,0,0,1,532.0,16,20,36,320,0,0,0,1,0,0,1,0,0,0,0,0,0,1,2022-09-24,0,0,1,22,0,0,0,1,2,0,0,2,874.2,-342.0,39
81,2022-09-29,20:00:00,ESPN,BYU,Utah State,1255000,2022,0,5,19.0,,Independent,Mt. West,0,33.5,26.5,15.5,36.0,34.75,21.0,55.75,0.0,0.0,3,1,1.0,3.0,4,4.0,0.0,0,1,0,0,1255.0,14,10,24,140,0,0,0,0,0,0,0,0,1,0,0,0,0,1,2022-09-29,1,0,0,20,0,0,1,0,0,0,0,0,963.7,291.0,30
82,2022-09-30,19:00:00,ESPN,Houston,Tulane,1224000,2022,0,5,,,AAC,AAC,1,32.8,35.8,33.8,11.8,22.299999999999997,34.8,57.099999999999994,0.0,0.0,2,2,3.0,1.0,4,4.0,2.0,0,1,0,0,1224.0,13,10,23,130,0,0,0,0,0,0,0,0,1,0,0,0,0,0,2022-09-30,0,1,0,19,0,0,1,0,1,0,0,1,1262.7,-39.0,3
83,2022-09-30,20:00:00,FS1,Boise State,San Diego State,407000,2022,0,5,,,Mt. West,Mt. West,1,22.0,20.5,20.5,23.5,22.75,20.5,43.25,0.0,0.0,2,2,2.0,2.0,4,4.0,0.0,0,0,0,1,407.0,10,10,20,100,0,0,0,0,0,0,0,0,1,0,0,0,0,0,2022-09-30,0,1,0,20,0,0,1,0,1,0,0,1,240.4,167.0,69
84,2022-09-30,22:30:00,ESPN,UCLA,Washington,1704000,2022,0,5,,15.0,Pac-12,Pac-12,1,41.8,18.0,44.0,19.0,30.4,31.0,61.4,0.0,0.0,4,0,4.0,0.0,4,4.0,8.0,0,1,0,0,1704.0,19,16,35,304,0,0,0,1,0,0,1,0,0,0,0,0,1,1,2022-09-30,0,1,0,22,0,0,0,1,0,0,0,0,1677.1,27.0,1
85,2022-10-01,12:00:00,FOX,Iowa,Michigan,4198000,2022,0,5,,4.0,Big Ten,Big Ten,1,17.0,5.8,50.0,11.0,14.0,27.9,41.9,0.0,0.0,3,1,4.0,0.0,4,4.0,6.0,1,0,0,0,4198.0,21,44,65,924,0,1,0,0,0,0,1,0,0,0,1,1,1,1,2022-10-01,0,0,1,12,1,0,0,0,4,0,0,4,3787.2,411.0,10
86,2022-10-01,12:00:00,ESPN,Mississippi,Kentucky,2791000,2022,0,5,14.0,7.0,SEC,SEC,1,41.0,10.0,31.3,13.0,27.0,20.65,47.65,0.0,0.0,4,0,4.0,0.0,4,4.0,8.0,0,1,0,0,2791.0,28,21,49,588,0,0,0,0,1,0,1,0,0,0,0,1,2,2,2022-10-01,0,0,1,12,1,0,0,0,4,0,0,4,3763.1,-972.0,25
87,2022-10-01,12:00:00,ABC,TCU,Oklahoma,2468000,2022,0,5,,18.0,Big 12,Big 12,1,46.3,21.3,40.3,17.8,32.05,30.799999999999997,62.849999999999994,0.0,0.0,3,0,3.0,1.0,3,4.0,5.0,1,0,0,0,2468.0,19,28,47,532,0,0,1,0,0,0,1,0,0,0,0,0,0,1,2022-10-01,0,0,1,12,1,0,0,0,4,0,0,4,3111.9,-644.0,20
88,2022-10-01,12:00:00,ESPN2,Minnesota,Purdue,829000,2022,0,5,21.0,,Big Ten,Big Ten,1,45.8,6.0,36.0,23.3,34.55,21.0,55.55,0.0,0.0,4,0,2.0,2.0,4,4.0,4.0,0,0,1,0,829.0,20,18,38,360,0,1,0,0,0,0,1,0,0,0,0,0,0,1,2022-10-01,0,0,1,12,1,0,0,0,4,0,0,4,863.8,-35.0,4
89,2022-10-01,12:00:00,CBS,Air Force,Navy,1132000,2022,0,5,,,Mt. West,AAC,0,37.8,16.0,14.3,23.7,30.75,15.15,45.9,0.0,0.0,3,1,1.0,2.0,4,3.0,1.0,1,0,0,0,1132.0,10,27,37,270,0,0,0,0,0,0,0,0,1,0,0,0,0,0,2022-10-01,0,0,1,12,1,0,0,0,4,0,0,4,1835.1,-703.0,38
90,2022-10-01,15:30:00,CBS,Arkansas,Alabama,5828000,2022,0,5,20.0,2.0,SEC,SEC,1,33.5,26.0,48.3,7.3,20.4,37.15,57.55,0.0,0.0,3,1,4.0,0.0,4,4.0,6.0,1,0,0,0,5828.0,28,50,78,1400,0,0,0,0,1,0,1,0,0,1,1,1,1,2,2022-10-01,0,0,1,15,0,1,0,0,5,0,0,5,5588.7,239.0,4
91,2022-10-01,15:30:00,FOX,Baylor,Oklahoma State,2412000,2022,0,5,16.0,9.0,Big 12,Big 12,1,40.5,16.8,51.7,22.7,31.6,34.25,65.85,0.0,0.0,3,1,3.0,0.0,4,3.0,5.0,1,0,0,0,2412.0,19,20,39,380,0,0,1,0,0,0,1,0,0,0,0,1,1,2,2022-10-01,0,0,1,15,0,1,0,0,5,0,0,5,3131.4,-719.0,22
92,2022-10-01,15:30:00,ESPN,Penn State,Northwestern,1615000,2022,0,5,11.0,,Big Ten,Big Ten,1,38.8,16.8,23.0,26.8,32.8,19.9,52.699999999999996,0.0,0.0,4,0,1.0,3.0,4,4.0,2.0,0,1,0,0,1615.0,29,22,51,638,0,1,0,0,0,0,1,0,0,0,0,0,1,1,2022-10-01,0,0,1,15,0,1,0,0,5,0,0,5,2233.5,-618.0,27
93,2022-10-01,15:30:00,ABC,Florida State,Wake Forest,2483000,2022,0,5,23.0,22.0,ACC,ACC,1,37.5,18.8,42.8,30.5,34.0,30.799999999999997,64.8,0.0,0.0,4,0,3.0,1.0,4,4.0,6.0,1,0,0,0,2483.0,32,15,47,480,1,0,0,0,0,0,1,0,0,0,0,0,0,2,2022-10-01,0,0,1,15,0,1,0,0,5,0,0,5,3850.0,-1367.0,35
94,2022-10-01,15:30:00,ESPN2,Kansas,Iowa State,865000,2022,0,5,,,Big 12,Big 12,1,48.5,27.3,29.8,14.5,31.5,28.55,60.05,0.0,0.0,4,0,3.0,1.0,4,4.0,6.0,0,0,1,0,865.0,10,12,22,120,0,0,1,0,0,0,1,0,0,0,0,0,0,0,2022-10-01,0,0,1,15,0,1,0,0,5,0,0,5,546.0,319.0,58
95,2022-10-01,15:30:00,FS1,Maryland,Michigan State,904000,2022,0,5,,,Big Ten,Big Ten,1,37.0,23.0,30.5,21.5,29.25,26.75,56.0,0.0,0.0,3,1,2.0,2.0,4,4.0,2.0,0,0,0,1,904.0,20,34,54,680,0,1,0,0,0,0,1,0,0,0,0,0,0,0,2022-10-01,0,0,1,15,0,1,0,0,5,0,0,5,1306.3,-402.0,30
96,2022-10-01,19:00:00,ESPN,Auburn,LSU,2787000,2022,0,5,,,SEC,SEC,1,23.8,21.8,39.3,14.3,19.05,30.549999999999997,49.599999999999994,0.0,0.0,3,1,3.0,1.0,4,4.0,4.0,0,1,0,0,2787.0,40,42,82,1680,0,0,0,0,1,0,1,0,0,0,0,0,0,0,2022-10-01,0,0,1,19,0,0,1,0,2,0,0,2,3925.7,-1139.0,29
97,2022-10-01,19:30:00,ABC,Clemson,NC State,4732000,2022,0,5,5.0,10.0,ACC,ACC,1,43.8,21.8,36.0,11.8,27.799999999999997,28.9,56.699999999999996,0.0,0.0,4,0,4.0,0.0,4,4.0,8.0,1,0,0,0,4732.0,31,0,31,0,1,0,0,0,0,0,1,0,0,0,1,2,2,2,2022-10-01,0,0,1,19,0,0,1,0,2,0,0,2,4839.8,-108.0,2
98,2022-10-01,19:30:00,FS1,Texas,West Virginia,1187000,2022,0,5,,,Big 12,Big 12,1,36.5,21.8,42.8,27.5,32.0,32.3,64.3,0.0,0.0,2,2,2.0,2.0,4,4.0,0.0,0,0,0,1,1187.0,25,15,40,375,0,0,1,0,0,0,1,0,0,0,0,0,0,0,2022-10-01,0,0,1,19,0,0,1,0,2,0,0,2,945.3,242.0,25
99,2022-10-01,22:30:00,ESPN,USC,Arizona State,1916000,2022,0,5,6.0,,Pac-12,Pac-12,1,42.3,18.3,22.8,25.3,33.8,20.55,54.349999999999994,0.0,0.0,4,0,1.0,3.0,4,4.0,2.0,0,1,0,0,1916.0,22,18,40,396,0,0,0,1,0,0,1,0,0,0,0,1,1,1,2022-10-01,0,0,1,22,0,0,0,1,1,0,0,1,2016.1,-100.0,4
100,2022-10-01,23:00:00,FS1,Oregon,Stanford,672000,2022,0,5,13.0,,Pac-12,Pac-12,1,39.5,31.0,30.3,30.3,34.9,30.65,65.55,0.0,0.0,3,1,1.0,2.0,4,3.0,1.0,0,0,0,1,672.0,21,20,41,420,0,0,0,1,0,0,1,0,0,0,0,0,1,1,2022-10-01,0,0,1,23,0,0,0,1,1,0,0,1,878.4,-206.0,23
101,2022-10-05,19:00:00,ESPN2,UCF,SMU,866000,2022,0,6,,,AAC,AAC,1,34.3,13.5,38.5,25.5,29.9,26.0,55.9,0.0,0.0,3,1,2.0,2.0,4,4.0,2.0,0,0,1,0,866.0,13,10,23,130,0,0,0,0,0,0,0,0,1,0,0,0,0,0,2022-10-05,0,0,0,19,0,0,1,0,0,0,0,0,557.9,308.0,55
102,2022-10-07,19:00:00,FS1,Rutgers,Nebraska,1153000,2022,0,6,,,Big Ten,Big Ten,1,24.8,23.6,31.4,32.6,28.700000000000003,27.5,56.2,0.0,0.0,3,2,2.0,3.0,5,5.0,0.0,0,0,0,1,1153.0,18,28,46,504,0,1,0,0,0,0,1,0,0,0,0,0,0,0,2022-10-07,0,1,0,19,0,0,1,0,1,0,0,1,1195.0,-42.0,3
103,2022-10-07,19:30:00,ESPN2,Memphis,Houston,699000,2022,0,6,,,AAC,AAC,1,34.4,26.2,31.0,34.0,34.2,28.6,62.800000000000004,0.0,0.0,4,1,2.0,3.0,5,5.0,2.0,0,0,1,0,699.0,12,13,25,156,0,0,0,0,0,0,0,0,1,0,0,0,0,0,2022-10-07,0,1,0,19,0,0,1,0,1,0,0,1,742.5,-44.0,5
104,2022-10-07,22:30:00,FS1,Nevada,Colorado State,433000,2022,0,6,,,Mt. West,Mt. West,1,24.4,31.2,10.8,41.0,32.7,21.0,53.7,0.0,0.0,2,3,0.0,4.0,5,4.0,-5.0,0,0,0,1,433.0,10,10,20,100,0,0,0,0,0,0,0,0,1,0,0,0,0,0,2022-10-07,0,1,0,22,0,0,0,1,0,0,0,0,340.0,93.0,27
105,2022-10-08,12:00:00,FOX,Indiana,Michigan,4005000,2022,0,6,,4.0,Big Ten,Big Ten,1,27.2,30.4,45.4,11.6,19.4,37.9,57.3,0.0,0.0,3,2,5.0,0.0,5,5.0,6.0,1,0,0,0,4005.0,26,44,70,1144,0,1,0,0,0,0,1,0,0,0,1,1,1,1,2022-10-08,0,0,1,12,1,0,0,0,3,0,0,3,3958.3,47.0,1
106,2022-10-08,12:00:00,ESPN,LSU,Tennessee,2959000,2022,0,6,25.0,8.0,SEC,SEC,1,35.6,14.8,48.5,19.0,27.3,31.65,58.95,0.0,0.0,4,1,4.0,0.0,5,4.0,7.0,0,1,0,0,2959.0,42,31,73,1302,0,0,0,0,1,0,1,0,0,0,0,1,1,2,2022-10-08,0,0,1,12,1,0,0,0,3,0,0,3,3953.6,-995.0,25
107,2022-10-08,12:00:00,FS1,Kansas,TCU,1309000,2022,0,6,19.0,17.0,Big 12,Big 12,1,41.6,24.0,48.5,22.0,31.8,36.25,68.05,0.0,0.0,5,0,4.0,0.0,5,4.0,9.0,0,0,0,1,1309.0,10,19,29,190,0,0,1,0,0,0,1,0,0,0,0,0,0,2,2022-10-08,0,0,1,12,1,0,0,0,3,0,0,3,658.6,650.0,98
108,2022-10-08,12:00:00,ABC,Oklahoma,Texas,3364000,2022,0,6,,,Big 12,Big 12,1,37.0,25.2,36.8,21.4,29.2,31.0,60.2,0.0,0.0,3,2,3.0,2.0,5,5.0,2.0,1,0,0,0,3364.0,28,25,53,700,0,0,1,0,0,0,1,0,0,0,0,0,0,0,2022-10-08,0,0,1,12,1,0,0,0,3,0,0,3,4079.4,-715.0,17
109,2022-10-08,15:30:00,CBS,Georgia,Auburn,4237000,2022,0,6,2.0,,SEC,SEC,1,39.0,10.8,22.4,21.6,30.3,16.6,46.900000000000006,0.0,0.0,5,0,3.0,2.0,5,5.0,6.0,1,0,0,0,4237.0,40,40,80,1600,0,0,0,0,1,0,1,0,0,1,1,1,1,1,2022-10-08,0,0,1,15,0,1,0,0,4,0,0,4,4480.8,-244.0,5
110,2022-10-08,15:30:00,FS1,Oklahoma State,Texas Tech,1633000,2022,0,6,7.0,,Big 12,Big 12,1,47.8,23.3,35.0,27.6,37.7,29.15,66.85,0.0,0.0,4,0,3.0,2.0,4,5.0,5.0,0,0,0,1,1633.0,20,14,34,280,0,0,1,0,0,0,1,0,0,0,0,1,1,1,2022-10-08,0,0,1,15,0,1,0,0,4,0,0,4,856.6,776.0,90
111,2022-10-08,15:30:00,FOX,UCLA,Utah,2652000,2022,0,6,18.0,11.0,Pac-12,Pac-12,1,41.4,20.8,42.0,14.4,27.9,31.4,59.3,0.0,0.0,5,0,4.0,1.0,5,5.0,8.0,1,0,0,0,2652.0,19,19,38,361,0,0,0,1,0,0,1,0,0,0,0,0,1,2,2022-10-08,0,0,1,15,0,1,0,0,4,0,0,4,2743.2,-91.0,3
112,2022-10-08,16:00:00,ABC,Michigan State,Ohio State,4439000,2022,0,6,,3.0,Big Ten,Big Ten,1,27.0,22.6,48.8,14.8,20.9,35.7,56.6,0.0,0.0,2,3,5.0,0.0,5,5.0,4.0,1,0,0,0,4439.0,34,50,84,1700,0,1,0,0,0,0,1,0,0,0,1,1,1,1,2022-10-08,0,0,1,16,0,1,0,0,4,0,0,4,4622.1,-183.0,3
113,2022-10-08,16:00:00,ESPN2,Miami (Florida),North Carolina,1253000,2022,0,6,,,ACC,ACC,1,35.0,20.5,45.4,33.6,34.3,32.95,67.25,0.0,0.0,2,2,4.0,1.0,4,5.0,3.0,0,0,1,0,1253.0,20,20,40,400,1,0,0,0,0,0,1,0,0,0,0,0,0,0,2022-10-08,0,0,1,16,0,1,0,0,4,0,0,4,741.7,511.0,68
114,2022-10-08,19:00:00,FS1,Utah State,Air Force,433000,2022,0,6,,,Mt. West,Mt. West,1,17.6,36.4,32.8,14.8,16.200000000000003,34.599999999999994,50.8,0.0,0.0,1,4,4.0,1.0,5,5.0,0.0,0,0,0,1,433.0,10,10,20,100,0,0,0,0,0,0,0,0,1,0,0,0,0,0,2022-10-08,0,0,1,19,0,0,1,0,4,0,0,4,83.9,349.0,415
115,2022-10-08,19:30:00,ABC,Boston College,Clemson,1933000,2022,0,6,,5.0,ACC,ACC,1,23.4,28.6,41.0,21.4,22.4,34.8,57.199999999999996,0.0,0.0,2,3,5.0,0.0,5,5.0,4.0,1,0,0,0,1933.0,16,31,47,496,1,0,0,0,0,0,1,0,0,0,1,1,1,1,2022-10-08,0,0,1,19,0,0,1,0,4,0,0,4,3066.3,-1133.0,36
116,2022-10-08,19:30:00,FOX,USC,Washington State,1841000,2022,0,6,6.0,,Pac-12,Pac-12,1,42.2,19.6,29.6,18.2,30.200000000000003,24.6,54.800000000000004,0.0,0.0,5,0,4.0,1.0,5,5.0,8.0,1,0,0,0,1841.0,22,15,37,330,0,0,0,1,0,0,1,0,0,0,0,1,1,1,2022-10-08,0,0,1,19,0,0,1,0,4,0,0,4,2380.2,-539.0,22
117,2022-10-08,19:30:00,NBC,Notre Dame,BYU,2525000,2022,0,6,,16.0,Independent,Independent,0,25.0,24.0,34.4,26.4,25.7,29.2,54.9,0.0,0.0,2,2,4.0,1.0,4,5.0,3.0,1,0,0,0,2525.0,32,14,46,448,0,0,0,0,0,0,0,0,1,0,0,0,0,1,2022-10-08,0,0,1,19,0,0,1,0,4,0,0,4,2720.8,-196.0,7
118,2022-10-08,20:00:00,CBS,Alabama,Texas A&M,7145000,2022,0,6,1.0,,SEC,SEC,1,48.4,11.0,21.8,17.8,33.1,16.4,49.5,0.0,0.0,5,0,3.0,2.0,5,5.0,6.0,1,0,0,0,7145.0,50,35,85,1750,0,0,0,0,1,0,1,0,0,1,1,1,1,1,2022-10-08,0,0,1,20,0,0,1,0,4,0,0,4,5944.4,1201.0,20
119,2022-10-08,21:45:00,FS1,Boise State,Fresno State,375000,2022,0,6,,,Mt. West,Mt. West,1,24.6,19.0,24.5,26.5,25.55,21.75,47.3,0.0,0.0,3,2,1.0,3.0,5,4.0,-1.0,0,0,0,1,375.0,10,10,20,100,0,0,0,0,0,0,0,0,1,0,0,0,0,0,2022-10-08,0,0,1,21,0,0,0,1,1,0,0,1,195.9,179.0,91
120,2022-10-08,23:00:00,ESPN,Stanford,Oregon State,1082000,2022,0,6,,,Pac-12,Pac-12,1,29.5,34.0,33.4,27.2,28.35,33.7,62.050000000000004,0.0,0.0,1,3,3.0,2.0,4,5.0,-1.0,0,1,0,0,1082.0,20,14,34,280,0,0,0,1,0,0,1,0,0,0,0,0,0,0,2022-10-08,0,0,1,23,0,0,0,1,1,0,0,1,1283.1,-201.0,15
121,2022-10-12,19:30:00,ESPN2,Marshall,Louisiana-Lafayette,496000,2022,0,7,,,Sun Belt,Sun Belt,1,29.4,16.2,25.6,20.4,24.9,20.9,45.8,0.0,0.0,3,2,2.0,3.0,5,5.0,0.0,0,0,1,0,496.0,10,0,10,0,0,0,0,0,0,0,0,0,1,0,0,0,0,0,2022-10-12,0,0,0,19,0,0,1,0,0,0,0,0,430.0,66.0,15
122,2022-10-13,19:00:00,FS1,West Virginia,Baylor,1145000,2022,0,7,,,Big 12,Big 12,1,38.2,29.6,37.4,20.6,29.400000000000002,33.5,62.900000000000006,0.0,0.0,2,3,3.0,2.0,5,5.0,0.0,0,0,0,1,1145.0,15,19,34,285,0,0,1,0,0,0,1,0,0,0,0,0,0,0,2022-10-13,1,0,0,19,0,0,1,0,1,0,0,1,701.2,444.0,63
123,2022-10-13,19:00:00,ESPN,UCF,Temple,603000,2022,0,7,,,AAC,AAC,1,35.6,14.6,15.0,16.8,26.200000000000003,14.8,41.0,0.0,0.0,4,1,2.0,3.0,5,5.0,2.0,0,1,0,0,603.0,13,16,29,208,0,0,0,0,0,0,0,0,1,0,0,0,0,0,2022-10-13,1,0,0,19,0,0,1,0,1,0,0,1,928.1,-325.0,35
124,2022-10-14,19:30:00,ESPN,SMU,Navy,959000,2022,0,7,,,AAC,AAC,1,34.6,28.6,21.2,21.0,27.8,24.9,52.7,0.0,0.0,2,3,2.0,3.0,5,5.0,-2.0,0,1,0,0,959.0,10,27,37,270,0,0,0,0,0,0,0,0,1,0,0,0,0,0,2022-10-14,0,1,0,19,0,0,1,0,0,0,0,0,1192.3,-233.0,19
125,2022-10-15,12:00:00,FOX,Michigan,Penn State,6453000,2022,0,7,5.0,10.0,Big Ten,Big Ten,1,43.0,11.3,34.4,14.8,28.9,22.85,51.75,0.0,0.0,6,0,5.0,0.0,6,5.0,11.0,1,0,0,0,6453.0,44,29,73,1276,0,1,0,0,0,0,1,0,0,0,1,2,2,2,2022-10-15,0,0,1,12,1,0,0,0,3,0,0,3,7475.7,-1023.0,13
126,2022-10-15,12:00:00,ESPN,Mississippi,Auburn,2064000,2022,0,7,9.0,,SEC,SEC,1,39.7,14.5,20.3,25.0,32.35,17.4,49.75,0.0,0.0,6,0,3.0,3.0,6,6.0,6.0,0,1,0,0,2064.0,28,40,68,1120,0,0,0,0,1,0,1,0,0,0,0,1,1,1,2022-10-15,0,0,1,12,1,0,0,0,3,0,0,3,3091.5,-1028.0,33
127,2022-10-15,12:00:00,ESPN2,Oklahoma,Kansas,1206000,2022,0,7,,19.0,Big 12,Big 12,1,30.8,29.2,39.8,26.3,28.55,34.5,63.05,0.0,0.0,3,3,5.0,1.0,6,6.0,4.0,0,0,1,0,1206.0,28,10,38,280,0,0,1,0,0,0,1,0,0,0,0,0,0,1,2022-10-15,0,0,1,12,1,0,0,0,3,0,0,3,991.0,215.0,21
128,2022-10-15,12:00:00,ABC,Texas,Iowa State,2351000,2022,0,7,22.0,,Big 12,Big 12,1,38.8,17.8,23.2,13.7,26.25,20.5,46.75,0.0,0.0,4,2,3.0,3.0,6,6.0,2.0,1,0,0,0,2351.0,25,12,37,300,0,0,1,0,0,0,1,0,0,0,0,0,0,1,2022-10-15,0,0,1,12,1,0,0,0,3,0,0,3,2349.1,2.0,0
129,2022-10-15,15:30:00,CBS,Tennessee,Alabama,11557000,2022,0,7,6.0,3.0,SEC,SEC,1,46.8,17.8,44.3,12.5,29.65,31.049999999999997,60.699999999999996,0.0,0.0,5,0,6.0,0.0,5,6.0,11.0,1,0,0,0,11557.0,31,50,81,1550,0,0,0,0,1,0,1,0,0,0,1,2,2,2,2022-10-15,0,0,1,15,0,1,0,0,4,0,0,4,7402.4,4155.0,56
130,2022-10-15,15:30:00,ABC,TCU,Oklahoma State,2136000,2022,0,7,13.0,8.0,Big 12,Big 12,1,46.4,23.8,46.4,24.8,35.6,35.1,70.7,0.0,0.0,5,0,5.0,0.0,5,5.0,10.0,1,0,0,0,2136.0,19,20,39,380,0,0,1,0,0,0,1,0,0,0,0,1,2,2,2022-10-15,0,0,1,15,0,1,0,0,4,0,0,4,3104.9,-969.0,31
131,2022-10-15,15:30:00,ESPN,BYU,Arkansas,1057000,2022,0,7,,,Independent,SEC,0,32.0,26.7,29.5,32.2,32.1,28.1,60.2,0.0,0.0,4,2,3.0,3.0,6,6.0,2.0,0,1,0,0,1057.0,14,28,42,392,0,0,0,0,1,0,0,1,0,0,0,0,0,0,2022-10-15,0,0,1,15,0,1,0,0,4,0,0,4,1445.6,-389.0,26
132,2022-10-15,15:30:00,ESPN2,Indiana,Maryland,392000,2022,0,7,,,Big Ten,Big Ten,1,24.3,30.5,34.0,22.7,23.5,32.25,55.75,0.0,0.0,3,3,4.0,2.0,6,6.0,2.0,0,0,1,0,392.0,26,20,46,520,0,1,0,0,0,0,1,0,0,0,0,0,0,0,2022-10-15,0,0,1,15,0,1,0,0,4,0,0,4,803.9,-412.0,51
133,2022-10-15,16:00:00,FOX,Michigan State,Wisconsin,2452000,2022,0,7,,,Big Ten,Big Ten,1,25.8,27.0,31.8,19.5,22.65,29.4,52.05,0.0,0.0,2,4,3.0,3.0,6,6.0,-2.0,1,0,0,0,2452.0,34,32,66,1088,0,1,0,0,0,0,1,0,0,0,0,0,0,0,2022-10-15,0,0,1,16,0,1,0,0,4,0,0,4,3808.3,-1356.0,35
134,2022-10-15,19:00:00,ESPN,Florida,LSU,2455000,2022,0,7,,,SEC,SEC,1,30.8,25.3,31.8,19.0,24.9,28.55,53.45,0.0,0.0,4,2,4.0,2.0,6,6.0,4.0,0,1,0,0,2455.0,37,42,79,1554,0,0,0,0,1,0,1,0,0,0,0,0,0,0,2022-10-15,0,0,1,19,0,0,1,0,3,0,0,3,3771.7,-1317.0,34
135,2022-10-15,19:30:00,ABC,Florida State,Clemson,3197000,2022,0,7,,4.0,ACC,ACC,1,31.3,20.8,39.3,18.3,24.8,30.049999999999997,54.849999999999994,0.0,0.0,4,2,6.0,0.0,6,6.0,8.0,1,0,0,0,3197.0,32,31,63,992,1,0,0,0,0,0,1,0,0,0,1,1,1,1,2022-10-15,0,0,1,19,0,0,1,0,3,0,0,3,4471.1,-1274.0,28
136,2022-10-15,19:30:00,NBC,Notre Dame,Stanford,2154000,2022,0,7,,,Independent,Pac-12,0,25.6,23.2,29.0,32.8,29.2,26.1,55.3,0.0,0.0,3,2,1.0,4.0,5,5.0,-2.0,1,0,0,0,2154.0,32,20,52,640,0,0,0,1,0,0,0,1,0,0,0,0,0,0,2022-10-15,0,0,1,19,0,0,1,0,3,0,0,3,3038.8,-885.0,29
137,2022-10-15,20:00:00,FOX,Utah,USC,2742000,2022,0,7,20.0,7.0,Pac-12,Pac-12,1,40.3,19.0,40.2,18.7,29.5,29.6,59.1,0.0,0.0,4,2,6.0,0.0,6,6.0,8.0,1,0,0,0,2742.0,19,22,41,418,0,0,0,1,0,0,1,0,0,0,0,1,1,2,2022-10-15,0,0,1,20,0,0,1,0,3,0,0,3,3246.5,-504.0,15
138,2022-10-19,19:30:00,ESPN2,Appalachian State,Georgia State,439000,2022,0,8,,,Sun Belt,Sun Belt,1,35.2,28.8,29.8,33.3,34.25,29.3,63.55,,,3,3,2.0,4.0,6,6.0,-2.0,0,0,1,0,439.0,10,10,20,100,0,0,0,0,0,0,0,0,1,0,0,0,0,0,2022-10-19,0,0,0,19,0,0,1,0,0,0,0,0,421.0,18.0,4
139,2022-10-20,19:30:00,ESPN,Georgia Tech,Virginia,891000,2022,0,8,,,ACC,ACC,1,17.3,28.0,17.8,24.8,21.05,22.9,43.95,,,3,3,2.0,4.0,6,6.0,-2.0,0,1,0,0,891.0,20,20,40,400,1,0,0,0,0,0,1,0,0,0,0,0,0,0,2022-10-20,1,0,0,19,0,0,1,0,0,0,0,0,1051.6,-161.0,15
140,2022-10-21,19:30:00,ESPN2,Temple,Tulsa,502000,2022,0,8,,,AAC,AAC,1,14.7,25.7,33.0,35.2,24.950000000000003,29.35,54.300000000000004,,,2,4,2.0,4.0,6,6.0,-4.0,0,0,1,0,502.0,16,10,26,160,0,0,0,0,0,0,0,0,1,0,0,0,0,0,2022-10-21,0,1,0,19,0,0,1,0,0,0,0,0,661.4,-159.0,24
141,2022-10-22,12:00:00,FOX,Ohio State,Iowa,4377000,2022,0,8,2.0,,Big Ten,Big Ten,1,48.8,15.7,14.7,9.8,29.299999999999997,15.2,44.5,,,6,0,3.0,3.0,6,6.0,6.0,1,0,0,0,4377.0,50,21,71,1050,0,1,0,0,0,0,1,0,0,1,1,1,1,1,2022-10-22,0,0,1,12,1,0,0,0,3,0,0,3,5171.5,-794.0,15
142,2022-10-22,12:00:00,ABC,Clemson,Syracuse,4747000,2022,0,8,5.0,14.0,ACC,ACC,1,38.6,19.7,36.0,13.2,25.9,27.85,53.75,,,7,0,6.0,0.0,7,6.0,13.0,1,0,0,0,4747.0,31,20,51,620,1,0,0,0,0,0,1,0,0,0,1,1,2,2,2022-10-22,0,0,1,12,1,0,0,0,3,0,0,3,5103.6,-357.0,6
143,2022-10-22,12:00:00,ESPN,SMU,Cincinnati,682000,2022,0,8,,21.0,AAC,AAC,1,35.5,29.5,38.2,21.2,28.35,33.85,62.2,,,3,3,5.0,1.0,6,6.0,4.0,0,1,0,0,682.0,10,15,25,150,0,0,0,0,0,0,0,0,1,0,0,0,0,1,2022-10-22,0,0,1,12,1,0,0,0,3,0,0,3,862.0,-180.0,20
144,2022-10-22,12:00:00,ESPN2,Baylor,Kansas,744000,2022,0,8,,,Big 12,Big 12,1,37.8,24.3,40.1,30.0,33.9,32.2,66.1,,,3,3,5.0,2.0,6,7.0,3.0,0,0,1,0,744.0,19,10,29,190,0,0,1,0,0,0,1,0,0,0,0,0,0,0,2022-10-22,0,0,1,12,1,0,0,0,3,0,0,3,662.3,82.0,12
145,2022-10-22,15:00:00,FS1,Texas Tech,West Virginia,542000,2022,0,8,,,Big 12,Big 12,1,34.3,29.8,39.0,31.3,32.8,34.4,67.19999999999999,,,3,3,3.0,3.0,6,6.0,0.0,0,0,0,1,542.0,14,15,29,210,0,0,1,0,0,0,1,0,0,0,0,0,0,0,2022-10-22,0,0,1,15,0,1,0,0,4,0,0,4,430.1,112.0,26
146,2022-10-22,15:30:00,CBS,LSU,Mississippi,3857000,2022,0,8,,7.0,SEC,SEC,1,33.7,21.3,40.9,17.3,25.5,31.1,56.6,,,5,2,7.0,0.0,7,7.0,10.0,1,0,0,0,3857.0,42,28,70,1176,0,0,0,0,1,0,1,0,0,0,0,1,1,1,2022-10-22,0,0,1,15,0,1,0,0,4,0,0,4,4345.5,-488.0,11
147,2022-10-22,15:30:00,FOX,Oregon,UCLA,3335000,2022,0,8,10.0,9.0,Pac-12,Pac-12,1,42.0,28.8,41.5,22.7,32.35,35.15,67.5,,,5,1,6.0,0.0,6,6.0,10.0,1,0,0,0,3335.0,21,19,40,399,0,0,0,1,0,0,1,0,0,0,0,2,2,2,2022-10-22,0,0,1,15,0,1,0,0,4,0,0,4,4390.3,-1055.0,24
148,2022-10-22,15:30:00,ABC,Oklahoma State,Texas,4461000,2022,0,8,11.0,20.0,Big 12,Big 12,1,45.3,27.8,36.7,18.3,31.799999999999997,32.25,64.05,,,5,1,5.0,2.0,6,7.0,7.0,1,0,0,0,4461.0,20,25,45,500,0,0,1,0,0,0,1,0,0,0,0,0,1,2,2022-10-22,0,0,1,15,0,1,0,0,4,0,0,4,3564.2,897.0,25
149,2022-10-22,15:30:00,ESPN,Wisconsin,Purdue,1005000,2022,0,8,,,Big Ten,Big Ten,1,31.3,21.6,34.0,24.1,27.700000000000003,27.8,55.5,,,3,4,5.0,2.0,7,7.0,2.0,0,1,0,0,1005.0,32,18,50,576,0,1,0,0,0,0,1,0,0,0,0,0,0,0,2022-10-22,0,0,1,15,0,1,0,0,4,0,0,4,1818.2,-813.0,44
150,2022-10-22,19:00:00,ESPN,Alabama,Mississippi State,3459000,2022,0,8,6.0,24.0,SEC,SEC,1,45.0,18.1,35.4,21.9,33.45,26.75,60.2,,,6,1,5.0,2.0,7,7.0,8.0,0,1,0,0,3459.0,50,25,75,1250,0,0,0,0,1,0,1,0,0,0,0,1,1,2,2022-10-22,0,0,1,19,0,0,1,0,2,0,0,2,4631.9,-1173.0,25
151,2022-10-22,19:30:00,ABC,Penn State,Minnesota,3537000,2022,0,8,16.0,,Big Ten,Big Ten,1,31.5,19.2,34.5,11.7,21.6,26.85,48.45,,,5,1,4.0,2.0,6,6.0,6.0,1,0,0,0,3537.0,29,20,49,580,0,1,0,0,0,0,1,0,0,0,0,0,0,1,2022-10-22,0,0,1,19,0,0,1,0,2,0,0,2,3496.3,41.0,1
152,2022-10-22,20:00:00,FS1,TCU,Kansas State,1530000,2022,0,8,8.0,17.0,Big 12,Big 12,1,45.8,26.5,28.7,16.7,31.25,27.6,58.85,,,6,0,5.0,1.0,6,6.0,10.0,0,0,0,1,1530.0,19,11,30,209,0,0,1,0,0,0,1,0,0,0,0,1,1,2,2022-10-22,0,0,1,20,0,0,1,0,2,0,0,2,1198.1,332.0,27
153,2022-10-22,22:30:00,ESPN,California,Washington,1318000,2022,0,8,,,Pac-12,Pac-12,1,23.7,21.7,42.1,28.6,26.15,31.9,58.05,,,3,3,5.0,2.0,6,7.0,3.0,0,1,0,0,1318.0,11,16,27,176,0,0,0,1,0,0,1,0,0,0,0,0,0,0,2022-10-22,0,0,1,22,0,0,0,1,0,0,0,0,1197.1,121.0,10
154,2022-10-27,19:30:00,ESPN,NC State,Virginia Tech,1233000,2022,0,9,24.0,,ACC,ACC,1,27.4,16.9,19.1,25.1,26.25,18.0,44.25,,,5,2,2.0,5.0,7,7.0,0.0,0,1,0,0,1233.0,0,23,23,0,1,0,0,0,0,0,1,0,0,0,0,0,0,1,2022-10-27,1,0,0,19,0,0,1,0,1,0,0,1,1178.2,55.0,4
155,2022-10-27,19:30:00,ESPN2,Southern Mississippi,Louisiana-Lafayette,190000,2022,0,9,,,Sun Belt,Sun Belt,1,25.0,21.9,27.0,19.0,22.0,24.45,46.45,,,4,3,4.0,3.0,7,7.0,2.0,0,0,1,0,190.0,10,0,10,0,0,0,0,0,0,0,0,0,1,0,0,0,0,0,2022-10-27,1,0,0,19,0,0,1,0,1,0,0,1,308.0,-118.0,38
156,2022-10-27,22:00:00,FS1,Washington State,Utah,470000,2022,0,9,,14.0,Pac-12,Pac-12,1,24.6,20.7,40.7,22.3,23.450000000000003,30.700000000000003,54.150000000000006,,,4,3,5.0,2.0,7,7.0,4.0,0,0,0,1,470.0,15,19,34,285,0,0,0,1,0,0,1,0,0,0,0,0,1,1,2022-10-27,1,0,0,22,0,0,0,1,0,0,0,0,568.7,-99.0,17
157,2022-10-28,20:00:00,ESPN2,BYU,East Carolina,823000,2022,0,9,,,Independent,C-USA,0,30.1,31.6,33.3,23.1,26.6,32.45,59.050000000000004,,,4,4,5.0,3.0,8,8.0,2.0,0,0,1,0,823.0,14,10,24,140,0,0,0,0,0,0,0,0,1,0,0,0,0,0,2022-10-28,0,1,0,20,0,0,1,0,0,0,0,0,611.4,212.0,34
158,2022-10-29,12:00:00,FOX,Penn State,Ohio State,8273000,2022,0,9,13.0,2.0,Big Ten,Big Ten,1,33.4,18.9,49.6,14.9,24.15,34.25,58.4,,,6,1,7.0,0.0,7,7.0,12.0,1,0,0,0,8273.0,29,50,79,1450,0,1,0,0,0,0,1,0,0,1,1,1,2,2,2022-10-29,0,0,1,12,1,0,0,0,4,0,0,4,6425.8,1847.0,28
159,2022-10-29,12:00:00,ESPN,West Virginia,TCU,1507000,2022,0,9,,7.0,Big 12,Big 12,1,34.9,33.7,44.7,26.7,30.799999999999997,39.2,70.0,,,3,4,7.0,0.0,7,7.0,6.0,0,1,0,0,1507.0,15,19,34,285,0,0,1,0,0,0,1,0,0,0,0,1,1,1,2022-10-29,0,0,1,12,1,0,0,0,4,0,0,4,1840.4,-333.0,18
160,2022-10-29,12:00:00,ABC,Syracuse,Notre Dame,2337000,2022,0,9,16.0,,ACC,Independent,0,33.9,15.1,26.6,21.9,27.9,20.85,48.75,,,6,1,4.0,3.0,7,7.0,6.0,1,0,0,0,2337.0,20,32,52,640,1,0,0,0,0,0,0,1,0,0,0,0,0,1,2022-10-29,0,0,1,12,1,0,0,0,4,0,0,4,2960.9,-624.0,21
161,2022-10-29,12:00:00,FS1,Iowa State,Oklahoma,711000,2022,0,9,,,Big 12,Big 12,1,22.9,15.1,33.9,31.0,26.95,24.5,51.45,,,3,4,4.0,3.0,7,7.0,0.0,0,0,0,1,711.0,12,28,40,336,0,0,1,0,0,0,1,0,0,0,0,0,0,0,2022-10-29,0,0,1,12,1,0,0,0,4,0,0,4,814.8,-104.0,12
162,2022-10-29,12:00:00,ESPN2,Houston,South Florida,131000,2022,0,9,,,AAC,AAC,1,32.3,31.7,25.3,37.6,34.95,28.5,63.45,,,4,3,1.0,6.0,7,7.0,-4.0,0,0,1,0,131.0,13,13,26,169,0,0,0,0,0,0,0,0,1,0,0,0,0,0,2022-10-29,0,0,1,12,1,0,0,0,4,0,0,4,288.6,-158.0,54
163,2022-10-29,15:30:00,CBS,Georgia,Florida,5620000,2022,0,9,1.0,,SEC,SEC,1,41.7,9.1,31.4,28.1,34.900000000000006,20.25,55.150000000000006,,,7,0,4.0,3.0,7,7.0,8.0,1,0,0,0,5620.0,40,37,77,1480,0,0,0,0,1,0,1,0,0,1,1,1,1,1,2022-10-29,0,0,1,15,0,1,0,0,5,0,0,5,4674.1,946.0,20
164,2022-10-29,15:30:00,FS1,California,Oregon,738000,2022,0,9,,8.0,Pac-12,Pac-12,1,23.3,22.6,42.4,29.0,26.15,32.5,58.65,,,3,4,6.0,1.0,7,7.0,4.0,0,0,0,1,738.0,11,21,32,231,0,0,0,1,0,0,1,0,0,0,0,1,1,1,2022-10-29,0,0,1,15,0,1,0,0,5,0,0,5,656.7,81.0,12
165,2022-10-29,15:30:00,FOX,Kansas State,Oklahoma State,3378000,2022,0,9,22.0,9.0,Big 12,Big 12,1,28.6,19.7,44.7,28.7,28.65,32.2,60.85,,,5,2,6.0,1.0,7,7.0,8.0,1,0,0,0,3378.0,11,20,31,220,0,0,1,0,0,0,1,0,0,0,0,1,1,2,2022-10-29,0,0,1,15,0,1,0,0,5,0,0,5,2399.7,978.0,40
166,2022-10-29,15:30:00,ABC,Nebraska,Illinois,2488000,2022,0,9,,17.0,Big Ten,Big Ten,1,29.7,31.3,26.0,8.9,19.3,28.65,47.95,,,3,4,6.0,1.0,7,7.0,4.0,1,0,0,0,2488.0,28,12,40,336,0,1,0,0,0,0,1,0,0,0,0,0,0,1,2022-10-29,0,0,1,15,0,1,0,0,5,0,0,5,2381.3,107.0,4
167,2022-10-29,15:30:00,ESPN,UCF,Cincinnati,1059000,2022,0,9,,20.0,AAC,AAC,1,37.3,17.1,36.9,22.0,29.65,27.0,56.65,,,5,2,6.0,1.0,7,7.0,8.0,0,1,0,0,1059.0,13,15,28,195,0,0,0,0,0,0,0,0,1,0,0,0,0,1,2022-10-29,0,0,1,15,0,1,0,0,5,0,0,5,1081.5,-22.0,2
168,2022-10-29,15:30:00,ESPN2,Iowa,Northwestern,483000,2022,0,9,,,Big Ten,Big Ten,1,14.0,16.1,18.6,28.1,21.05,17.35,38.400000000000006,,,3,4,1.0,6.0,7,7.0,-6.0,0,0,1,0,483.0,21,22,43,462,0,1,0,0,0,0,1,0,0,0,0,0,0,0,2022-10-29,0,0,1,15,0,1,0,0,5,0,0,5,633.1,-150.0,23
169,2022-10-29,19:00:00,ESPN,Tennessee,Kentucky,4042000,2022,0,9,3.0,19.0,SEC,SEC,1,50.1,23.1,26.4,16.4,33.25,24.75,58.0,,,7,0,5.0,2.0,7,7.0,10.0,0,1,0,0,4042.0,31,21,52,651,0,0,0,0,1,0,1,0,0,0,1,1,1,2,2022-10-29,0,0,1,19,0,0,1,0,3,0,0,3,3817.9,224.0,5
170,2022-10-29,19:00:00,FS1,Boise State,Colorado State,269000,2022,0,9,,,Mt. West,Mt. West,1,26.0,18.4,12.9,29.7,27.85,15.649999999999999,43.5,,,5,2,2.0,5.0,7,7.0,0.0,0,0,0,1,269.0,10,10,20,100,0,0,0,0,0,0,0,0,1,0,0,0,0,0,2022-10-29,0,0,1,19,0,0,1,0,3,0,0,3,132.4,137.0,103
171,2022-10-29,19:30:00,ABC,Michigan,Michigan State,5583000,2022,0,9,4.0,,Big Ten,Big Ten,1,42.7,12.1,27.0,27.1,34.900000000000006,19.55,54.45,,,7,0,3.0,4.0,7,7.0,6.0,1,0,0,0,5583.0,44,34,78,1496,0,1,0,0,0,0,1,0,0,0,1,1,1,1,2022-10-29,0,0,1,19,0,0,1,0,3,0,0,3,5154.8,428.0,8
172,2022-10-29,19:30:00,ESPN2,Texas Tech,Baylor,572000,2022,0,9,,,Big 12,Big 12,1,36.3,27.0,37.4,24.1,30.2,32.2,62.400000000000006,,,4,3,4.0,3.0,7,7.0,2.0,0,0,1,0,572.0,14,19,33,266,0,0,1,0,0,0,1,0,0,0,0,0,0,0,2022-10-29,0,0,1,19,0,0,1,0,3,0,0,3,859.1,-287.0,33
173,2022-10-29,22:30:00,ESPN,UCLA,Stanford,1263000,2022,0,9,12.0,,Pac-12,Pac-12,1,39.9,25.9,25.1,27.4,33.65,25.5,59.15,,,6,1,3.0,4.0,7,7.0,4.0,0,1,0,0,1263.0,19,20,39,380,0,0,0,1,0,0,1,0,0,0,0,0,1,1,2022-10-29,0,0,1,22,0,0,0,1,1,0,0,1,1561.5,-298.0,19
174,2022-10-29,22:30:00,FS1,Fresno State,San Diego State,219000,2022,0,9,,,Mt. West,Mt. West,1,25.1,23.6,19.1,21.4,23.25,21.35,44.6,,,3,4,4.0,3.0,7,7.0,0.0,0,0,0,1,219.0,10,10,20,100,0,0,0,0,0,0,0,0,1,0,0,0,0,0,2022-10-29,0,0,1,22,0,0,0,1,1,0,0,1,184.9,34.0,18
175,2022-11-01,19:30:00,ESPN2,Ohio,Buffalo,276000,2022,0,10,,,MAC,MAC,1,32.0,34.4,30.9,24.8,28.4,32.65,61.05,,,5,3,5.0,3.0,8,8.0,4.0,0,0,1,0,276.0,10,10,20,100,0,0,0,0,0,0,0,0,1,0,0,0,0,0,2022-11-01,0,0,0,19,0,0,1,0,0,0,0,0,415.5,-140.0,33
176,2022-11-02,19:00:00,ESPN2,Bowling Green,Western Michigan,361000,2022,0,10,,,MAC,MAC,1,26.4,34.6,20.8,28.5,27.45,27.700000000000003,55.150000000000006,,,4,4,3.0,5.0,8,8.0,-2.0,0,0,1,0,361.0,10,14,24,140,0,0,0,0,0,0,0,0,1,0,0,0,0,0,2022-11-02,0,0,0,19,0,0,1,0,0,0,0,0,330.3,31.0,9
177,2022-11-03,19:30:00,ESPN,Coastal Carolina,Appalachian State,743000,2022,0,10,,,Sun Belt,Sun Belt,1,31.9,27.3,36.9,24.1,28.0,32.1,60.1,,,7,1,5.0,3.0,8,8.0,8.0,0,1,0,0,743.0,10,10,20,100,0,0,0,0,0,0,0,0,1,0,0,0,0,0,2022-11-03,1,0,0,19,0,0,1,0,0,0,0,0,780.2,-37.0,4
178,2022-11-04,19:00:00,ESPN2,Boston College,Duke,787000,2022,0,10,,,ACC,ACC,1,17.3,28.8,34.4,22.1,19.700000000000003,31.6,51.300000000000004,,,2,6,5.0,3.0,8,8.0,-2.0,0,0,1,0,787.0,16,14,30,224,1,0,0,0,0,0,1,0,0,0,0,0,0,0,2022-11-04,0,1,0,19,0,0,1,0,0,0,0,0,810.8,-24.0,2
179,2022-11-04,22:30:00,ESPN2,Washington,Oregon State,1125000,2022,0,10,,23.0,Pac-12,Pac-12,1,40.4,27.6,32.6,22.8,31.6,30.1,61.7,,,6,2,6.0,2.0,8,8.0,8.0,0,0,1,0,1125.0,16,14,30,224,0,0,0,1,0,0,1,0,0,0,0,0,0,1,2022-11-04,0,1,0,22,0,0,0,1,0,0,0,0,987.4,138.0,13
180,2022-11-05,11:30:00,CBS,Army,Air Force,1230000,2022,0,10,,,Independent,Mt. West,1,32.7,29.4,30.9,16.8,24.75,30.15,54.9,,,3,4,5.0,3.0,7,8.0,1.0,1,0,0,0,1230.0,31,10,41,310,0,0,0,0,0,0,0,0,1,0,0,0,0,0,2022-11-05,0,0,1,11,1,0,0,0,5,0,0,5,2095.2,-865.0,41
181,2022-11-05,12:00:00,ABC,Northwestern,Ohio State,4757000,2022,0,10,,2.0,Big Ten,Big Ten,1,17.9,28.8,48.9,16.9,17.4,38.85,56.25,,,1,7,8.0,0.0,8,8.0,2.0,1,0,0,0,4757.0,22,50,72,1100,0,1,0,0,0,0,1,0,0,1,1,1,1,1,2022-11-05,0,0,1,12,1,0,0,0,5,0,0,5,4267.4,490.0,11
182,2022-11-05,12:00:00,FOX,TCU,Texas Tech,2506000,2022,0,10,7.0,,Big 12,Big 12,1,44.3,27.3,33.9,29.3,36.8,30.6,67.4,,,8,0,4.0,4.0,8,8.0,8.0,1,0,0,0,2506.0,19,14,33,266,0,0,1,0,0,0,1,0,0,0,0,1,1,1,2022-11-05,0,0,1,12,1,0,0,0,5,0,0,5,2459.9,46.0,1
183,2022-11-05,12:00:00,ESPN,Texas A&M,Florida,2726000,2022,0,10,,,SEC,SEC,1,22.6,21.8,30.0,29.9,26.25,25.9,52.15,,,3,5,4.0,4.0,8,8.0,-2.0,0,1,0,0,2726.0,35,37,72,1295,0,0,0,0,1,0,1,0,0,0,0,0,0,0,2022-11-05,0,0,1,12,1,0,0,0,5,0,0,5,2717.5,8.0,0
184,2022-11-05,12:00:00,ESPN2,Nebraska,Minnesota,1071000,2022,0,10,,,Big Ten,Big Ten,1,27.1,30.6,31.9,14.4,20.75,31.25,52.0,,,3,5,5.0,3.0,8,8.0,0.0,0,0,1,0,1071.0,28,20,48,560,0,1,0,0,0,0,1,0,0,0,0,0,0,0,2022-11-05,0,0,1,12,1,0,0,0,5,0,0,5,779.6,291.0,37
185,2022-11-05,12:00:00,FS1,Purdue,Iowa,582000,2022,0,10,,,Big Ten,Big Ten,1,32.8,25.5,16.4,15.8,24.299999999999997,20.95,45.25,,,5,3,4.0,4.0,8,8.0,2.0,0,0,0,1,582.0,18,21,39,378,0,1,0,0,0,0,1,0,0,0,0,0,0,0,2022-11-05,0,0,1,12,1,0,0,0,5,0,0,5,549.7,32.0,5
186,2022-11-05,15:30:00,CBS,Georgia,Tennessee,13059000,2022,0,10,3.0,1.0,SEC,SEC,1,41.8,10.5,49.4,21.0,31.4,29.95,61.349999999999994,,,8,0,8.0,0.0,8,8.0,16.0,1,0,0,0,13059.0,40,31,71,1240,0,0,0,0,1,0,1,0,0,1,2,2,2,2,2022-11-05,0,0,1,15,0,1,0,0,3,0,0,3,10007.6,3051.0,30
187,2022-11-05,15:30:00,ESPN,Colorado,Oregon,962000,2022,0,10,,8.0,Pac-12,Pac-12,1,16.3,39.1,42.4,28.4,22.35,40.75,63.1,,,1,7,7.0,1.0,8,8.0,0.0,0,1,0,0,962.0,16,21,37,336,0,0,0,1,0,0,1,0,0,0,0,1,1,1,2022-11-05,0,0,1,15,0,1,0,0,3,0,0,3,1600.9,-639.0,39
188,2022-11-05,15:30:00,ABC,Indiana,Penn State,2228000,2022,0,10,,15.0,Big Ten,Big Ten,1,24.5,30.6,33.1,22.0,23.25,31.85,55.1,,,3,5,6.0,2.0,8,8.0,2.0,1,0,0,0,2228.0,26,29,55,754,0,1,0,0,0,0,1,0,0,0,0,0,1,1,2022-11-05,0,0,1,15,0,1,0,0,3,0,0,3,3173.0,-945.0,29
189,2022-11-05,15:30:00,ESPN2,Memphis,UCF,321000,2022,0,10,,25.0,AAC,AAC,1,34.6,31.1,35.8,17.6,26.1,33.45,59.550000000000004,,,4,4,6.0,2.0,8,8.0,4.0,0,0,1,0,321.0,12,13,25,156,0,0,0,0,0,0,0,0,1,0,0,0,0,1,2022-11-05,0,0,1,15,0,1,0,0,3,0,0,3,455.2,-134.0,29
190,2022-11-05,19:00:00,ESPN,LSU,Alabama,7582000,2022,0,10,10.0,6.0,SEC,SEC,1,35.1,21.1,43.1,16.6,25.85,32.1,57.95,,,6,2,7.0,1.0,8,8.0,10.0,0,1,0,0,7582.0,42,50,92,2100,0,0,0,0,1,0,1,0,0,0,0,2,2,2,2022-11-05,0,0,1,19,0,0,1,0,3,0,0,3,9152.1,-1570.0,17
191,2022-11-05,19:00:00,FS1,Kansas State,Texas,1250000,2022,0,10,13.0,24.0,Big 12,Big 12,1,31.0,17.3,36.4,21.1,26.05,26.85,52.900000000000006,,,6,2,5.0,3.0,8,8.0,6.0,0,0,0,1,1250.0,11,25,36,275,0,0,1,0,0,0,1,0,0,0,0,0,1,2,2022-11-05,0,0,1,19,0,0,1,0,3,0,0,3,1366.7,-117.0,8
192,2022-11-05,19:30:00,ESPN2,Mississippi State,Auburn,512000,2022,0,10,,,SEC,SEC,1,31.8,22.9,22.9,29.9,30.85,22.9,53.75,,,5,3,3.0,5.0,8,8.0,0.0,0,0,1,0,512.0,25,40,65,1000,0,0,0,0,1,0,1,0,0,0,0,0,0,0,2022-11-05,0,0,1,19,0,0,1,0,3,0,0,3,1626.6,-1115.0,68
193,2022-11-05,19:30:00,ABC,Miami (Florida),Florida State,1497000,2022,0,10,,,ACC,ACC,1,27.4,22.5,32.1,21.9,24.65,27.3,51.95,,,4,4,5.0,3.0,8,8.0,2.0,1,0,0,0,1497.0,20,32,52,640,1,0,0,0,0,0,1,0,0,0,0,0,0,0,2022-11-05,0,0,1,19,0,0,1,0,3,0,0,3,3070.7,-1574.0,51
194,2022-11-05,21:30:00,FS1,Arizona State,UCLA,490000,2022,0,10,,12.0,Pac-12,Pac-12,1,27.1,28.8,39.6,24.3,25.700000000000003,34.2,59.900000000000006,,,3,5,7.0,1.0,8,8.0,4.0,0,0,0,1,490.0,18,19,37,342,0,0,0,1,0,0,1,0,0,0,0,0,1,1,2022-11-05,0,0,1,21,0,0,0,1,1,0,0,1,783.6,-294.0,37
195,2022-11-05,22:30:00,ESPN,USC,California,2037000,2022,0,10,9.0,,Pac-12,Pac-12,1,41.0,24.0,23.4,25.0,33.0,23.7,56.7,,,7,1,3.0,5.0,8,8.0,4.0,0,1,0,0,2037.0,22,11,33,242,0,0,0,1,0,0,1,0,0,0,0,1,1,1,2022-11-05,0,0,1,22,0,0,0,1,1,0,0,1,1896.0,141.0,7
196,2022-11-08,19:30:00,ESPN2,Miami (Ohio),Ohio,258000,2022,0,11,,,MAC,MAC,1,19.4,21.4,33.4,33.2,26.3,27.4,53.7,,,4,5,6.0,3.0,9,9.0,2.0,0,0,1,0,258.0,10,10,20,100,0,0,0,0,0,0,0,0,1,0,0,0,0,0,2022-11-08,0,0,0,19,0,0,1,0,1,0,0,1,314.5,-56.0,17
197,2022-11-08,20:00:00,ESPN,Toledo,Ball State,482000,2022,0,11,,,MAC,MAC,1,35.9,26.9,24.8,27.2,31.549999999999997,25.85,57.4,,,6,3,5.0,4.0,9,9.0,4.0,0,1,0,0,482.0,10,10,20,100,0,0,0,0,0,0,0,0,1,0,0,0,0,0,2022-11-08,0,0,0,20,0,0,1,0,1,0,0,1,799.9,-318.0,39
198,2022-11-09,19:00:00,ESPN2,Central Michigan,Buffalo,350000,2022,0,11,,,MAC,MAC,1,26.3,29.0,30.1,27.0,26.65,29.55,56.2,,,3,6,5.0,4.0,9,9.0,-2.0,0,0,1,0,350.0,10,10,20,100,0,0,0,0,0,0,0,0,1,0,0,0,0,0,2022-11-09,0,0,0,19,0,0,1,0,0,0,0,0,398.0,-48.0,12
199,2022-11-10,19:30:00,ESPN,Memphis,Tulsa,574000,2022,0,11,,,AAC,AAC,1,33.9,31.6,30.2,33.2,33.55,30.9,64.44999999999999,,,4,5,3.0,6.0,9,9.0,-4.0,0,1,0,0,574.0,12,10,22,120,0,0,0,0,0,0,0,0,1,0,0,0,0,0,2022-11-10,1,0,0,19,0,0,1,0,0,0,0,0,765.3,-191.0,24
200,2022-11-11,20:00:00,ESPN2,Cincinnati,East Carolina,803000,2022,0,11,,,AAC,AAC,1,33.2,21.0,32.6,23.2,28.200000000000003,26.8,55.0,,,7,2,6.0,3.0,9,9.0,8.0,0,0,1,0,803.0,15,10,25,150,0,0,0,0,0,0,0,0,1,0,0,0,0,0,2022-11-11,0,1,0,20,0,0,1,0,0,0,0,0,750.7,52.0,6
201,2022-11-11,21:30:00,FS1,USC,Colorado,525000,2022,0,11,8.0,,Pac-12,Pac-12,1,41.0,25.2,15.6,40.2,40.6,20.4,61.0,,,8,1,1.0,8.0,9,9.0,0.0,0,0,0,1,525.0,22,16,38,352,0,0,0,1,0,0,1,0,0,0,0,1,1,1,2022-11-11,0,1,0,21,0,0,0,1,0,0,0,0,1124.5,-600.0,53
202,2022-11-12,12:00:00,CBS,Tennessee,Missouri,3006000,2022,0,11,5.0,,SEC,SEC,1,45.3,21.7,23.1,21.4,33.349999999999994,22.4,55.74999999999999,,,8,1,4.0,5.0,9,9.0,6.0,1,0,0,0,3006.0,31,25,56,775,0,0,0,0,1,0,1,0,0,0,1,1,1,1,2022-11-12,0,0,1,12,1,0,0,0,5,0,0,5,3284.6,-279.0,8
203,2022-11-12,12:00:00,FOX,Ohio State,Indiana,3339000,2022,0,11,2.0,,Big Ten,Big Ten,1,45.8,15.8,23.3,32.2,39.0,19.55,58.55,,,9,0,3.0,6.0,9,9.0,6.0,1,0,0,0,3339.0,50,26,76,1300,0,1,0,0,0,0,1,0,0,1,1,1,1,1,2022-11-12,0,0,1,12,1,0,0,0,5,0,0,5,5066.1,-1727.0,34
204,2022-11-12,12:00:00,ESPN,Arkansas,LSU,3571000,2022,0,11,,7.0,SEC,SEC,1,32.1,30.7,34.8,22.2,27.15,32.75,59.9,,,5,4,7.0,2.0,9,9.0,6.0,0,1,0,0,3571.0,28,42,70,1176,0,0,0,0,1,0,1,0,0,0,0,1,1,1,2022-11-12,0,0,1,12,1,0,0,0,5,0,0,5,2756.3,815.0,29
205,2022-11-12,12:00:00,ESPN2,Illinois,Purdue,835000,2022,0,11,21.0,,Big Ten,Big Ten,1,24.8,10.4,29.4,25.3,25.05,19.9,44.95,,,7,2,5.0,4.0,9,9.0,6.0,0,0,1,0,835.0,12,18,30,216,0,1,0,0,0,0,1,0,0,0,0,0,0,1,2022-11-12,0,0,1,12,1,0,0,0,5,0,0,5,582.1,253.0,43
206,2022-11-12,12:00:00,FS1,West Virginia,Oklahoma,956000,2022,0,11,,,Big 12,Big 12,1,32.1,34.2,33.2,29.8,30.950000000000003,33.7,64.65,,,3,6,5.0,4.0,9,9.0,-2.0,0,0,0,1,956.0,15,28,43,420,0,0,1,0,0,0,1,0,0,0,0,0,0,0,2022-11-12,0,0,1,12,1,0,0,0,5,0,0,5,769.8,186.0,24
207,2022-11-12,12:00:00,ABC,Navy,Notre Dame,2070000,2022,0,11,,20.0,AAC,Independent,0,21.9,24.8,29.1,21.2,21.549999999999997,26.950000000000003,48.5,,,3,6,6.0,3.0,9,9.0,0.0,1,0,0,0,2070.0,27,32,59,864,0,0,0,0,0,0,0,0,1,0,0,0,0,1,2022-11-12,0,0,1,12,1,0,0,0,5,0,0,5,2627.3,-557.0,21
208,2022-11-12,15:30:00,ESPN,Clemson,Louisville,1349000,2022,0,11,10.0,,ACC,ACC,1,34.6,21.6,30.2,19.4,27.0,25.9,52.9,,,8,1,6.0,3.0,9,9.0,10.0,0,1,0,0,1349.0,31,21,52,651,1,0,0,0,0,0,1,0,0,0,0,1,1,1,2022-11-12,0,0,1,15,0,1,0,0,5,0,0,5,2264.2,-915.0,40
209,2022-11-12,15:30:00,ABC,Michigan,Nebraska,3876000,2022,0,11,3.0,,Big Ten,Big Ten,1,42.2,12.1,25.6,29.4,35.8,18.85,54.65,,,9,0,3.0,6.0,9,9.0,6.0,1,0,0,0,3876.0,44,28,72,1232,0,1,0,0,0,0,1,0,0,0,1,1,1,1,2022-11-12,0,0,1,15,0,1,0,0,5,0,0,5,4615.8,-740.0,16
210,2022-11-12,15:30:00,CBS,Mississippi,Alabama,8706000,2022,0,11,11.0,9.0,SEC,SEC,1,37.4,21.6,41.8,18.3,27.85,31.7,59.55,,,8,1,7.0,2.0,9,9.0,12.0,1,0,0,0,8706.0,28,50,78,1400,0,0,0,0,1,0,1,0,0,0,0,1,2,2,2022-11-12,0,0,1,15,0,1,0,0,5,0,0,5,5944.7,2761.0,46
211,2022-11-12,15:30:00,FOX,Penn State,Maryland,1881000,2022,0,11,14.0,,Big Ten,Big Ten,1,34.4,21.1,31.4,24.0,29.2,26.25,55.45,,,7,2,6.0,3.0,9,9.0,8.0,1,0,0,0,1881.0,29,20,49,580,0,1,0,0,0,0,1,0,0,0,0,0,1,1,2022-11-12,0,0,1,15,0,1,0,0,5,0,0,5,3215.1,-1334.0,41
212,2022-11-12,15:30:00,ESPN2,Tulane,UCF,368000,2022,0,11,17.0,22.0,AAC,AAC,1,32.9,16.9,35.7,18.8,25.85,26.3,52.150000000000006,,,8,1,7.0,2.0,9,9.0,12.0,0,0,1,0,368.0,10,13,23,130,0,0,0,0,0,0,0,0,1,0,0,0,0,2,2022-11-12,0,0,1,15,0,1,0,0,5,0,0,5,476.7,-109.0,22
213,2022-11-12,15:30:00,FS1,Iowa,Wisconsin,1086000,2022,0,11,,,Big Ten,Big Ten,1,17.2,14.3,30.8,20.6,18.9,22.55,41.45,,,5,4,5.0,4.0,9,9.0,2.0,0,0,0,1,1086.0,21,32,53,672,0,1,0,0,0,0,1,0,0,0,0,0,0,0,2022-11-12,0,0,1,15,0,1,0,0,5,0,0,5,1214.9,-129.0,10
214,2022-11-12,19:00:00,ESPN,Georgia,Mississippi State,3344000,2022,0,11,1.0,,SEC,SEC,1,40.1,10.8,32.6,24.0,32.05,21.700000000000003,53.75,,,9,0,6.0,3.0,9,9.0,12.0,0,1,0,0,3344.0,40,25,65,1000,0,0,0,0,1,0,1,0,0,1,1,1,1,1,2022-11-12,0,0,1,19,0,0,1,0,4,0,0,4,3281.5,62.0,1
215,2022-11-12,19:00:00,FOX,Oregon,Washington,3634000,2022,0,11,6.0,25.0,Pac-12,Pac-12,1,43.1,26.3,38.6,26.9,35.0,32.45,67.45,,,8,1,7.0,2.0,9,9.0,12.0,1,0,0,0,3634.0,21,16,37,336,0,0,0,1,0,0,1,0,0,0,0,1,1,2,2022-11-12,0,0,1,19,0,0,1,0,4,0,0,4,3133.0,501.0,15
216,2022-11-12,19:00:00,FS1,Baylor,Kansas State,528000,2022,0,11,,19.0,Big 12,Big 12,1,38.3,24.6,30.6,19.1,28.7,27.6,56.3,,,6,3,6.0,3.0,9,9.0,6.0,0,0,0,1,528.0,19,11,30,209,0,0,1,0,0,0,1,0,0,0,0,0,0,1,2022-11-12,0,0,1,19,0,0,1,0,4,0,0,4,534.6,-7.0,1
217,2022-11-12,19:30:00,ABC,Texas,TCU,5034000,2022,0,11,18.0,4.0,Big 12,Big 12,1,36.1,21.8,43.1,26.9,31.5,32.45,63.95,,,6,3,9.0,0.0,9,9.0,12.0,1,0,0,0,5034.0,25,19,44,475,0,0,1,0,0,0,1,0,0,0,1,1,1,2,2022-11-12,0,0,1,19,0,0,1,0,4,0,0,4,4297.2,737.0,17
218,2022-11-12,19:30:00,ESPN2,Wake Forest,North Carolina,610000,2022,0,11,,15.0,ACC,ACC,1,36.9,27.3,40.6,31.0,33.95,33.95,67.9,,,6,3,8.0,1.0,9,9.0,10.0,0,0,1,0,610.0,15,20,35,300,1,0,0,0,0,0,1,0,0,0,0,0,1,1,2022-11-12,0,0,1,19,0,0,1,0,4,0,0,4,748.3,-138.0,18
219,2022-11-12,22:00:00,ESPN,Utah,Stanford,1036000,2022,0,11,13.0,,Pac-12,Pac-12,1,39.0,21.4,22.6,31.3,35.15,22.0,57.15,,,7,2,3.0,6.0,9,9.0,2.0,0,1,0,0,1036.0,19,20,39,380,0,0,0,1,0,0,1,0,0,0,0,0,1,1,2022-11-12,0,0,1,22,0,0,0,1,2,0,0,2,1622.3,-586.0,36
220,2022-11-12,22:30:00,FOX,UCLA,Arizona,1859000,2022,0,11,12.0,,Pac-12,Pac-12,1,40.8,25.6,30.9,38.2,39.5,28.25,67.75,,,8,1,3.0,6.0,9,9.0,4.0,1,0,0,0,1859.0,19,15,34,285,0,0,0,1,0,0,1,0,0,0,0,0,1,1,2022-11-12,0,0,1,22,0,0,0,1,2,0,0,2,2316.1,-457.0,19
221,2022-11-12,22:30:00,FS1,San Diego State,San Jose State,146000,2022,0,11,,,Mt. West,Mt. West,1,19.6,21.3,27.1,16.4,18.0,24.200000000000003,42.2,,,5,4,6.0,2.0,9,8.0,5.0,0,0,0,1,146.0,10,10,20,100,0,0,0,0,0,0,0,0,1,0,0,0,0,0,2022-11-12,0,0,1,22,0,0,0,1,2,0,0,2,164.1,-18.0,10
222,2022-11-15,19:00:00,ESPN2,Ball State,Ohio,250000,2022,0,12,,,MAC,MAC,1,24.4,27.3,33.8,32.0,28.2,30.549999999999997,58.75,,,5,5,7.0,3.0,10,10.0,4.0,0,0,1,0,250.0,10,10,20,100,0,0,0,0,0,0,0,0,1,0,0,0,0,0,2022-11-15,0,0,0,19,0,0,1,0,0,0,0,0,399.6,-150.0,37
223,2022-11-16,18:00:00,ESPN2,Kent State,Eastern Michigan,399000,2022,0,12,,,MAC,MAC,1,28.7,29.0,27.7,30.0,29.35,28.35,57.7,,,4,6,6.0,4.0,10,10.0,0.0,0,0,1,0,399.0,10,0,10,0,0,0,0,0,0,0,0,0,1,0,0,0,0,0,2022-11-16,0,0,0,18,0,0,1,0,0,0,0,0,404.7,-6.0,1
224,2022-11-17,19:30:00,ESPN,Tulane,SMU,767000,2022,0,12,21.0,,AAC,AAC,1,32.7,19.0,40.3,32.6,32.650000000000006,29.65,62.300000000000004,,,8,2,6.0,4.0,10,10.0,8.0,0,1,0,0,767.0,10,10,20,100,0,0,0,0,0,0,0,0,1,0,0,0,0,1,2022-11-17,1,0,0,19,0,0,1,0,0,0,0,0,946.2,-179.0,18
225,2022-11-18,21:00:00,ESPN2,Tulsa,South Florida,510000,2022,0,12,,,AAC,AAC,1,28.2,32.5,25.5,40.0,34.1,29.0,63.1,,,3,7,1.0,9.0,10,10.0,-12.0,0,0,1,0,510.0,10,13,23,130,0,0,0,0,0,0,0,0,1,0,0,0,0,0,2022-11-18,0,1,0,21,0,0,0,1,1,0,0,1,482.3,28.0,5
226,2022-11-18,21:45:00,FS1,New Mexico,San Diego State,210000,2022,0,12,,,Mt. West,Mt. West,1,14.7,26.1,21.9,21.9,18.299999999999997,24.0,42.3,,,2,8,6.0,4.0,10,10.0,-4.0,0,0,0,1,210.0,10,10,20,100,0,0,0,0,0,0,0,0,1,0,0,0,0,0,2022-11-18,0,1,0,21,0,0,0,1,1,0,0,1,222.4,-12.0,5
227,2022-11-19,11:00:00,ESPN2,UCF,Navy,610000,2022,0,12,20.0,,AAC,AAC,1,35.9,20.0,22.9,25.8,30.85,21.45,52.3,,,8,2,3.0,7.0,10,10.0,2.0,0,0,1,0,610.0,13,27,40,351,0,0,0,0,0,0,0,0,1,0,0,0,0,1,2022-11-19,0,0,1,11,1,0,0,0,6,0,0,6,584.4,26.0,4
228,2022-11-19,12:00:00,ABC,Michigan,Illinois,5470000,2022,0,12,3.0,,Big Ten,Big Ten,1,41.4,11.2,24.7,12.5,26.95,17.95,44.9,,,10,0,7.0,3.0,10,10.0,14.0,1,0,0,0,5470.0,44,12,56,528,0,1,0,0,0,0,1,0,0,0,1,1,1,1,2022-11-19,0,0,1,12,1,0,0,0,6,0,0,6,4083.2,1387.0,33
229,2022-11-19,12:00:00,FOX,Baylor,TCU,4347000,2022,0,12,,4.0,Big 12,Big 12,1,34.8,25.2,40.5,25.2,30.0,32.85,62.85,,,6,4,10.0,0.0,10,10.0,12.0,1,0,0,0,4347.0,19,19,38,361,0,0,1,0,0,0,1,0,0,0,1,1,1,1,2022-11-19,0,0,1,12,1,0,0,0,6,0,0,6,2507.6,1839.0,73
230,2022-11-19,12:00:00,ESPN,Nebraska,Wisconsin,1631000,2022,0,12,,,Big Ten,Big Ten,1,23.3,29.9,28.7,20.9,22.1,29.299999999999997,51.4,,,3,7,5.0,5.0,10,10.0,-4.0,0,1,0,0,1631.0,28,32,60,896,0,1,0,0,0,0,1,0,0,0,0,0,0,0,2022-11-19,0,0,1,12,1,0,0,0,6,0,0,6,2215.0,-584.0,26
231,2022-11-19,12:00:00,FS1,Purdue,Northwestern,209000,2022,0,12,,,Big Ten,Big Ten,1,29.6,25.2,15.3,28.2,28.9,20.25,49.15,,,6,4,1.0,9.0,10,10.0,-6.0,0,0,0,1,209.0,18,22,40,396,0,1,0,0,0,0,1,0,0,0,0,0,0,0,2022-11-19,0,0,1,12,1,0,0,0,6,0,0,6,581.2,-372.0,64
232,2022-11-19,14:15:00,ESPN2,Arizona State,Oregon State,484000,2022,0,12,,23.0,Pac-12,Pac-12,1,27.1,30.8,32.0,21.6,24.35,31.4,55.75,,,3,7,7.0,3.0,10,10.0,0.0,0,0,1,0,484.0,18,14,32,252,0,0,0,1,0,0,1,0,0,0,0,0,0,1,2022-11-19,0,0,1,14,1,0,0,0,6,0,0,6,571.1,-87.0,15
233,2022-11-19,14:30:00,NBC,Notre Dame,Boston College,1265000,2022,0,12,18.0,,Independent,ACC,0,29.7,22.3,19.0,28.8,29.25,20.65,49.9,,,7,3,3.0,7.0,10,10.0,0.0,1,0,0,0,1265.0,32,16,48,512,1,0,0,0,0,0,0,1,0,0,0,0,0,1,2022-11-19,0,0,1,14,1,0,0,0,6,0,0,6,2741.8,-1477.0,53
234,2022-11-19,15:30:00,CBS,Kentucky,Georgia,4482000,2022,0,12,,1.0,SEC,SEC,1,23.3,20.0,40.6,11.6,17.45,30.3,47.75,,,6,4,10.0,0.0,10,10.0,12.0,1,0,0,0,4482.0,21,40,61,840,0,0,0,0,1,0,1,0,0,1,1,1,1,1,2022-11-19,0,0,1,15,0,1,0,0,5,0,0,5,3680.0,802.0,21
235,2022-11-19,15:30:00,ABC,Maryland,Ohio State,6599000,2022,0,12,,2.0,Big Ten,Big Ten,1,28.3,24.6,46.8,15.6,21.95,35.7,57.650000000000006,,,6,4,10.0,0.0,10,10.0,12.0,1,0,0,0,6599.0,20,50,70,1000,0,1,0,0,0,0,1,0,0,1,1,1,1,1,2022-11-19,0,0,1,15,0,1,0,0,5,0,0,5,4278.4,2321.0,54
236,2022-11-19,15:30:00,ESPN,Clemson,Miami (Florida),1142000,2022,0,12,9.0,,ACC,ACC,1,34.2,21.0,25.7,23.9,29.05,23.35,52.400000000000006,,,9,1,5.0,5.0,10,10.0,8.0,0,1,0,0,1142.0,31,20,51,620,1,0,0,0,0,0,1,0,0,0,0,1,1,1,2022-11-19,0,0,1,15,0,1,0,0,5,0,0,5,2237.5,-1096.0,48
237,2022-11-19,15:30:00,FS1,Kansas,Texas,940000,2022,0,12,,,Big 12,Big 12,1,36.9,30.4,33.5,21.3,29.1,31.95,61.05,,,6,4,6.0,4.0,10,10.0,4.0,0,0,0,1,940.0,10,25,35,250,0,0,1,0,0,0,1,0,0,0,0,0,0,0,2022-11-19,0,0,1,15,0,1,0,0,5,0,0,5,731.3,209.0,28
238,2022-11-19,16:00:00,FOX,Minnesota,Iowa,2496000,2022,0,12,,,Big Ten,Big Ten,1,30.6,13.1,17.9,13.9,22.25,15.5,37.75,,,7,3,6.0,4.0,10,10.0,6.0,1,0,0,0,2496.0,20,21,41,420,0,1,0,0,0,0,1,0,0,0,0,0,0,0,2022-11-19,0,0,1,16,0,1,0,0,5,0,0,5,2713.4,-217.0,7
239,2022-11-19,17:30:00,ESPN2,North Carolina,Georgia Tech,732000,2022,0,12,13.0,,ACC,ACC,1,40.1,31.3,17.1,28.7,34.4,24.200000000000003,58.6,,,9,1,4.0,6.0,10,10.0,6.0,0,0,1,0,732.0,20,20,40,400,1,0,0,0,0,0,1,0,0,0,0,0,1,1,2022-11-19,0,0,1,17,0,1,0,0,5,0,0,5,691.7,40.0,5
240,2022-11-19,19:00:00,ESPN,South Carolina,Tennessee,4867000,2022,0,12,,5.0,SEC,SEC,1,28.6,26.2,47.4,21.9,25.25,36.8,62.05,,,6,4,9.0,1.0,10,10.0,10.0,0,1,0,0,4867.0,25,31,56,775,0,0,0,0,1,0,1,0,0,0,1,1,1,1,2022-11-19,0,0,1,19,0,0,1,0,3,0,0,3,2950.8,1916.0,64
241,2022-11-19,19:00:00,FS1,Iowa State,Texas Tech,545000,2022,0,12,,,Big 12,Big 12,1,21.8,16.7,33.8,29.6,25.700000000000003,25.25,50.95,,,4,6,5.0,5.0,10,10.0,-2.0,0,0,0,1,545.0,12,14,26,168,0,0,1,0,0,0,1,0,0,0,0,0,0,0,2022-11-19,0,0,1,19,0,0,1,0,3,0,0,3,478.3,67.0,14
242,2022-11-19,19:30:00,ABC,Oklahoma,Oklahoma State,3058000,2022,0,12,,22.0,Big 12,Big 12,1,31.9,29.1,34.9,30.0,30.95,32.0,62.95,,,5,5,7.0,3.0,10,10.0,4.0,1,0,0,0,3058.0,28,20,48,560,0,0,1,0,0,0,1,0,0,0,0,0,0,1,2022-11-19,0,0,1,19,0,0,1,0,3,0,0,3,3179.9,-122.0,3
243,2022-11-19,20:00:00,FOX,UCLA,USC,4528000,2022,0,12,16.0,7.0,Pac-12,Pac-12,1,39.5,26.4,42.4,24.4,31.95,34.4,66.35,,,8,2,9.0,1.0,10,10.0,14.0,1,0,0,0,4528.0,19,22,41,418,0,0,0,1,0,0,1,0,0,0,0,1,1,2,2022-11-19,0,0,1,20,0,0,1,0,3,0,0,3,3761.4,767.0,20
244,2022-11-19,21:00:00,ESPN2,LSU,UAB,848000,2022,0,12,6.0,,SEC,Sun Belt,0,32.6,21.0,32.0,21.3,26.950000000000003,26.5,53.45,,,8,2,5.0,5.0,10,10.0,6.0,0,0,1,0,848.0,42,10,52,420,0,0,0,0,1,0,0,1,0,0,0,1,1,1,2022-11-19,0,0,1,21,0,0,0,1,2,0,0,2,1873.9,-1026.0,54
245,2022-11-19,21:45:00,FS1,Utah State,San Jose State,128000,2022,0,12,,,Mt. West,Mt. West,1,22.1,29.4,27.1,19.3,20.700000000000003,28.25,48.95,,,5,5,6.0,3.0,10,9.0,3.0,0,0,0,1,128.0,10,10,20,100,0,0,0,0,0,0,0,0,1,0,0,0,0,0,2022-11-19,0,0,1,21,0,0,0,1,2,0,0,2,153.5,-26.0,16
246,2022-11-19,22:30:00,ESPN,Oregon,Utah,2544000,2022,0,12,12.0,10.0,Pac-12,Pac-12,1,42.2,27.4,39.3,20.0,31.1,33.349999999999994,64.44999999999999,,,8,2,8.0,2.0,10,10.0,12.0,0,1,0,0,2544.0,21,19,40,399,0,0,0,1,0,0,1,0,0,0,0,1,2,2,2022-11-19,0,0,1,22,0,0,0,1,2,0,0,2,2987.0,-443.0,14
247,2022-11-24,19:00:00,ESPN,Mississippi,Mississippi State,2231000,2022,0,13,20.0,,SEC,SEC,1,35.3,24.2,33.5,24.4,29.849999999999998,28.85,58.7,,,8,3,7.0,4.0,11,11.0,8.0,0,1,0,0,2231.0,28,25,53,700,0,0,0,0,1,0,1,0,0,0,0,0,0,1,2022-11-24,1,0,0,19,0,0,1,0,0,0,0,0,2174.2,57.0,2
248,2022-11-25,12:00:00,ABC,Cincinnati,Tulane,1719000,2022,0,13,24.0,19.0,AAC,AAC,1,31.7,19.7,35.1,19.5,25.6,27.4,53.0,,,9,2,9.0,2.0,11,11.0,14.0,1,0,0,0,1719.0,15,10,25,150,0,0,0,0,0,0,0,0,1,0,0,0,0,2,2022-11-25,0,1,0,12,1,0,0,0,2,0,0,2,2865.6,-1147.0,40
249,2022-11-25,12:00:00,ESPN,Texas,Baylor,2690000,2022,0,13,23.0,,Big 12,Big 12,1,35.5,20.6,34.2,25.5,30.5,27.400000000000002,57.900000000000006,,,7,4,6.0,5.0,11,11.0,4.0,0,1,0,0,2690.0,25,19,44,475,0,0,1,0,0,0,1,0,0,0,0,0,0,1,2022-11-25,0,1,0,12,1,0,0,0,2,0,0,2,1893.0,797.0,42
250,2022-11-25,12:00:00,CBS,Boise State,Utah State,1438000,2022,0,13,,,Mt. West,Mt. West,1,29.1,17.3,23.3,29.5,29.3,20.3,49.6,,,8,3,6.0,5.0,11,11.0,6.0,1,0,0,0,1438.0,10,10,20,100,0,0,0,0,0,0,0,0,1,0,0,0,0,0,2022-11-25,0,1,0,12,1,0,0,0,2,0,0,2,1971.9,-534.0,27
251,2022-11-25,15:00:00,FS1,Arizona,Arizona State,567000,2022,0,13,,,Pac-12,Pac-12,1,30.2,36.6,25.3,30.8,30.5,30.950000000000003,61.45,,,4,7,3.0,8.0,11,11.0,-8.0,0,0,0,1,567.0,15,18,33,270,0,0,0,1,0,0,1,0,0,0,0,0,0,0,2022-11-25,0,1,0,15,0,1,0,0,3,0,0,3,528.9,38.0,7
252,2022-11-25,15:30:00,ABC,North Carolina,NC State,3605000,2022,0,13,17.0,,ACC,ACC,1,38.0,30.4,24.9,18.7,28.35,27.65,56.0,,,9,2,7.0,4.0,11,11.0,10.0,1,0,0,0,3605.0,20,0,20,0,1,0,0,0,0,0,1,0,0,0,0,0,0,1,2022-11-25,0,1,0,15,0,1,0,0,3,0,0,3,2198.9,1406.0,63
253,2022-11-25,15:30:00,CBS,Missouri,Arkansas,3274000,2022,0,13,,,SEC,SEC,1,25.2,24.8,31.0,28.7,26.95,27.9,54.849999999999994,,,5,6,6.0,5.0,11,11.0,0.0,1,0,0,0,3274.0,25,28,53,700,0,0,0,0,1,0,1,0,0,0,0,0,0,0,2022-11-25,0,1,0,15,0,1,0,0,3,0,0,3,2967.8,306.0,10
254,2022-11-25,16:30:00,FOX,California,UCLA,3271000,2022,0,13,,18.0,Pac-12,Pac-12,1,23.5,27.2,40.0,28.4,25.95,33.6,59.55,,,4,7,8.0,3.0,11,11.0,2.0,1,0,0,0,3271.0,11,19,30,209,0,0,0,1,0,0,1,0,0,0,0,0,0,1,2022-11-25,0,1,0,16,0,1,0,0,3,0,0,3,2101.5,1170.0,55
255,2022-11-25,19:30:00,ABC,Florida State,Florida,6710000,2022,0,13,16.0,,ACC,SEC,0,35.4,18.0,31.2,27.3,31.35,24.6,55.95,,,8,3,6.0,5.0,11,11.0,6.0,1,0,0,0,6710.0,32,37,69,1184,1,0,0,0,1,0,1,0,0,0,0,0,0,1,2022-11-25,0,1,0,19,0,0,1,0,0,0,0,0,5598.6,1111.0,19
256,2022-11-25,22:00:00,FS1,Fresno State,Wyoming,260000,2022,0,13,,,Mt. West,Mt. West,1,31.0,22.7,22.6,22.8,26.9,22.65,49.55,,,7,4,7.0,4.0,11,11.0,6.0,0,0,0,1,260.0,10,10,20,100,0,0,0,0,0,0,0,0,1,0,0,0,0,0,2022-11-25,0,1,0,22,0,0,0,1,0,0,0,0,351.9,-92.0,26
257,2022-11-26,12:00:00,ESPN,Georgia,Georgia Tech,2060000,2022,0,13,1.0,,SEC,ACC,0,38.4,11.1,17.5,27.6,33.0,14.3,47.3,,,11,0,5.0,6.0,11,11.0,10.0,0,1,0,0,2060.0,40,20,60,800,1,0,0,0,1,0,1,0,0,1,1,1,1,1,2022-11-26,0,0,1,12,1,0,0,0,3,0,0,3,3066.5,-1006.0,32
258,2022-11-26,12:00:00,FOX,Ohio State,Michigan,17137000,2022,0,13,2.0,3.0,Big Ten,Big Ten,1,46.5,16.9,39.4,11.7,29.1,28.15,57.25,,,11,0,11.0,0.0,11,11.0,22.0,1,0,0,0,17137.0,50,44,94,2200,0,1,0,0,0,0,1,0,0,1,2,2,2,2,2022-11-26,0,0,1,12,1,0,0,0,3,0,0,3,15516.4,1621.0,10
259,2022-11-26,12:00:00,ABC,Clemson,South Carolina,2324000,2022,0,13,8.0,,ACC,SEC,0,34.7,20.0,31.7,27.3,31.0,25.85,56.85,,,10,1,7.0,4.0,11,11.0,12.0,1,0,0,0,2324.0,31,25,56,775,1,0,0,0,1,0,1,0,0,0,0,1,1,1,2022-11-26,0,0,1,12,1,0,0,0,3,0,0,3,3709.3,-1385.0,37
260,2022-11-26,12:00:00,ESPN2,Oklahoma State,West Virginia,694000,2022,0,13,,,Big 12,Big 12,1,32.9,29.8,31.2,34.2,33.55,30.5,64.05,,,7,4,4.0,7.0,11,11.0,0.0,0,0,1,0,694.0,20,15,35,300,0,0,1,0,0,0,1,0,0,0,0,0,0,0,2022-11-26,0,0,1,12,1,0,0,0,3,0,0,3,930.5,-236.0,25
261,2022-11-26,15:30:00,CBS,Alabama,Auburn,6271000,2022,0,13,7.0,,SEC,SEC,1,40.0,17.2,24.5,27.7,33.85,20.85,54.7,,,9,2,5.0,6.0,11,11.0,6.0,1,0,0,0,6271.0,50,40,90,2000,0,0,0,0,1,0,1,0,0,0,0,1,1,1,2022-11-26,0,0,1,15,0,1,0,0,5,0,0,5,8044.4,-1773.0,22
262,2022-11-26,15:30:00,ABC,Oregon State,Oregon,3557000,2022,0,13,21.0,9.0,Pac-12,Pac-12,1,31.9,20.3,40.2,26.5,29.2,30.25,59.45,,,8,3,9.0,2.0,11,11.0,12.0,1,0,0,0,3557.0,14,21,35,294,0,0,0,1,0,0,1,0,0,0,0,1,1,2,2022-11-26,0,0,1,15,0,1,0,0,5,0,0,5,2882.6,674.0,23
263,2022-11-26,15:30:00,ESPN,Wisconsin,Minnesota,1705000,2022,0,13,,,Big Ten,Big Ten,1,27.5,20.3,28.7,13.1,20.3,24.5,44.8,,,6,5,7.0,4.0,11,11.0,4.0,0,1,0,0,1705.0,32,20,52,640,0,1,0,0,0,0,1,0,0,0,0,0,0,0,2022-11-26,0,0,1,15,0,1,0,0,5,0,0,5,1959.8,-255.0,13
264,2022-11-26,15:30:00,ESPN2,SMU,Memphis,213000,2022,0,13,,,AAC,AAC,1,38.8,35.0,35.5,26.7,32.75,35.25,68.0,,,6,5,6.0,5.0,11,11.0,2.0,0,0,1,0,213.0,10,12,22,120,0,0,0,0,0,0,0,0,1,0,0,0,0,0,2022-11-26,0,0,1,15,0,1,0,0,5,0,0,5,228.1,-15.0,6
265,2022-11-26,16:00:00,FOX,TCU,Iowa State,4339000,2022,0,13,4.0,,Big 12,Big 12,1,39.5,25.5,20.7,16.5,28.0,23.1,51.1,,,11,0,4.0,7.0,11,11.0,8.0,1,0,0,0,4339.0,19,12,31,228,0,0,1,0,0,0,1,0,0,0,1,1,1,1,2022-11-26,0,0,1,16,0,1,0,0,5,0,0,5,2420.3,1919.0,79
266,2022-11-26,16:00:00,FS1,Penn State,Michigan State,1991000,2022,0,13,11.0,,Big Ten,Big Ten,1,35.9,18.2,25.2,26.7,31.299999999999997,21.7,53.0,,,9,2,5.0,6.0,11,11.0,6.0,0,0,0,1,1991.0,29,34,63,986,0,1,0,0,0,0,1,0,0,0,0,0,1,1,2022-11-26,0,0,1,16,0,1,0,0,5,0,0,5,1936.3,55.0,2
267,2022-11-26,19:00:00,ESPN,Texas A&M,LSU,3921000,2022,0,13,,5.0,SEC,SEC,1,21.4,21.0,33.4,20.0,20.7,27.2,47.9,,,4,7,9.0,2.0,11,11.0,4.0,0,1,0,0,3921.0,35,42,77,1470,0,0,0,0,1,0,1,0,0,0,1,1,1,1,2022-11-26,0,0,1,19,0,0,1,0,4,0,0,4,3593.2,328.0,9
268,2022-11-26,19:00:00,ESPN2,South Florida,UCF,329000,2022,0,13,,22.0,AAC,AAC,1,27.0,40.7,33.9,19.7,23.35,37.3,60.65,,,1,10,8.0,3.0,11,11.0,-4.0,0,0,1,0,329.0,13,13,26,169,0,0,0,0,0,0,0,0,1,0,0,0,0,1,2022-11-26,0,0,1,19,0,0,1,0,4,0,0,4,439.9,-111.0,25
269,2022-11-26,19:30:00,ABC,USC,Notre Dame,6681000,2022,0,13,6.0,15.0,Pac-12,Independent,0,42.9,26.3,31.0,20.3,31.6,28.65,60.25,,,10,1,8.0,3.0,11,11.0,14.0,1,0,0,0,6681.0,22,32,54,704,0,0,0,1,0,0,0,1,0,0,0,1,2,2,2022-11-26,0,0,1,19,0,0,1,0,4,0,0,4,4642.8,2038.0,43
270,2022-11-26,19:30:00,FS1,Texas Tech,Oklahoma,1211000,2022,0,13,,,Big 12,Big 12,1,32.0,27.8,31.5,27.6,29.8,29.65,59.45,,,6,5,6.0,5.0,11,11.0,2.0,0,0,0,1,1211.0,14,28,42,392,0,0,1,0,0,0,1,0,0,0,0,0,0,0,2022-11-26,0,0,1,19,0,0,1,0,4,0,0,4,969.9,241.0,24
271,2022-11-26,20:00:00,FOX,Kansas State,Kansas,2316000,2022,0,13,12.0,,Big 12,Big 12,1,32.2,18.7,34.8,32.6,32.400000000000006,26.75,59.150000000000006,,,8,3,6.0,5.0,11,11.0,6.0,1,0,0,0,2316.0,11,10,21,110,0,0,1,0,0,0,1,0,0,0,0,0,1,1,2022-11-26,0,0,1,20,0,0,1,0,4,0,0,4,2113.4,203.0,9
272,2022-11-26,22:30:00,ESPN,Washington State,Washington,2380000,2022,0,13,,13.0,Pac-12,Pac-12,1,27.3,19.8,39.8,25.7,26.5,29.799999999999997,56.3,,,7,4,9.0,2.0,11,11.0,10.0,0,1,0,0,2380.0,15,16,31,240,0,0,0,1,0,0,1,0,0,0,0,0,1,1,2022-11-26,0,0,1,22,0,0,0,1,1,0,0,1,1505.4,875.0,58
273,2022-11-26,23:00:00,FS1,Stanford,BYU,453000,2022,0,13,,,Pac-12,Independent,0,20.9,31.9,31.6,30.4,25.65,31.75,57.4,,,3,8,6.0,5.0,11,11.0,-4.0,0,0,0,1,453.0,20,14,34,280,0,0,0,1,0,0,0,1,0,0,0,0,0,0,2022-11-26,0,0,1,23,0,0,0,1,1,0,0,1,464.1,-11.0,2
274,2022-12-02,20:00:00,FOX,USC,Utah,0,2022,0,14,4.0,11.0,Pac-12,Pac-12,1,42.5,26.3,39.4,20.1,31.3,32.85,64.15,,,11,1,9.0,3.0,12,12.0,16.0,1,0,0,0,0.0,22,19,41,418,0,0,0,1,0,0,1,0,0,0,1,1,2,2,2022-12-02,0,1,0,20,0,0,1,0,0,0,0,0,5276.5,-5276.0,99
275,2022-12-03,12:00:00,ABC,TCU,Kansas State,0,2022,0,14,3.0,10.0,Big 12,Big 12,1,41.3,24.5,33.4,19.4,30.349999999999998,28.95,59.3,,,12,0,9.0,3.0,12,12.0,18.0,1,0,0,0,0.0,19,11,30,209,0,0,1,0,0,0,1,0,0,0,1,2,2,2,2022-12-03,0,0,1,12,1,0,0,0,1,0,0,1,5044.7,-5045.0,100
276,2022-12-03,12:00:00,ESPN,Ohio,Toledo,0,2022,0,14,,,MAC,MAC,1,34.0,29.3,33.3,27.1,30.55,31.299999999999997,61.849999999999994,,,9,3,7.0,5.0,12,12.0,8.0,0,1,0,0,0.0,10,10,20,100,0,0,0,0,0,0,0,0,1,0,0,0,0,0,2022-12-03,0,0,1,12,1,0,0,0,1,0,0,1,847.3,-847.0,99
277,2022-12-03,15:30:00,ESPN,Troy,Coastal Carolina,0,2022,0,14,,,Sun Belt,Sun Belt,1,24.6,16.8,29.4,28.7,26.65,23.1,49.75,,,10,2,9.0,2.0,12,11.0,15.0,0,1,0,0,0.0,10,10,20,100,0,0,0,0,0,0,0,0,1,0,0,0,0,0,2022-12-03,0,0,1,15,0,1,0,0,3,0,0,3,735.6,-736.0,100
278,2022-12-03,16:00:00,CBS,Georgia,LSU,0,2022,0,14,1.0,14.0,SEC,SEC,1,38.3,11.3,32.5,21.5,29.9,21.9,51.8,,,12,0,9.0,3.0,12,12.0,18.0,1,0,0,0,0.0,40,42,82,1680,0,0,0,0,1,0,1,0,0,1,1,1,2,2,2022-12-03,0,0,1,16,0,1,0,0,3,0,0,3,9846.9,-9847.0,100
279,2022-12-03,16:00:00,ABC,Tulane,UCF,0,2022,0,14,18.0,22.0,AAC,AAC,1,34.4,19.8,34.9,21.3,27.85,27.35,55.2,,,10,2,9.0,3.0,12,12.0,14.0,1,0,0,0,0.0,10,13,23,130,0,0,0,0,0,0,0,0,1,0,0,0,0,2,2022-12-03,0,0,1,16,0,1,0,0,3,0,0,3,2650.7,-2651.0,100
280,2022-12-03,16:00:00,FOX,Boise State,Fresno State,0,2022,0,14,,,Mt. West,Mt. West,1,30.2,17.8,30.9,20.8,25.5,24.35,49.85,,,9,3,8.0,4.0,12,12.0,10.0,1,0,0,0,0.0,10,10,20,100,0,0,0,0,0,0,0,0,1,0,0,0,0,0,2022-12-03,0,0,1,16,0,1,0,0,3,0,0,3,2110.6,-2111.0,100
281,2022-12-03,20:00:00,FOX,Michigan,Purdue,0,2022,0,14,2.0,,Big Ten,Big Ten,1,39.8,12.7,28.6,23.1,31.45,20.65,52.099999999999994,,,12,0,8.0,4.0,12,12.0,16.0,1,0,0,0,0.0,44,18,62,792,0,1,0,0,0,0,1,0,0,1,1,1,1,1,2022-12-03,0,0,1,20,0,0,1,0,1,0,0,1,6636.4,-6636.0,99
282,2022-12-03,20:00:00,ABC,North Carolina,Clemson,0,2022,0,14,23.0,9.0,ACC,ACC,1,37.1,30.3,34.3,20.9,29.0,32.3,61.3,,,9,3,10.0,2.0,12,12.0,14.0,1,0,0,0,0.0,20,31,51,620,1,0,0,0,0,0,1,0,0,0,0,1,1,2,2022-12-03,0,0,1,20,0,0,1,0,1,0,0,1,5207.3,-5207.0,99
