,Teams,Year,TotalViewers,TotalCount,MeanViewers,bins
0,Air Force,2013,9166000,7,1309428,1
1,Air Force,2014,9166000,7,1309428,1
2,Air Force,2015,9166000,7,1309428,1
3,Air Force,2016,9166000,7,1309428,1
4,Air Force,2017,6211000,6,1035166,1
5,Air Force,2018,5275000,7,753571,1
6,Air Force,2019,1436000,4,359000,1
7,Air Force,2020,2125000,5,425000,1
8,Air Force,2021,1894000,5,378800,1
9,Air Force,2022,4671000,8,583875,1
10,Akron,2013,340000,1,340000,1
11,Akron,2014,340000,1,340000,1
12,Akron,2015,340000,1,340000,1
13,Akron,2016,340000,1,340000,1
14,Akron,2017,557000,2,278500,1
15,Akron,2018,3880000,5,776000,1
16,Akron,2019,3880000,5,776000,1
17,Akron,2020,3663000,4,915750,1
18,Akron,2021,957000,1,957000,1
19,Akron,2022,957000,1,957000,1
20,Alabama,2013,215152999,30,7171766,5
21,Alabama,2014,215152999,30,7171766,5
22,Alabama,2015,215152999,30,7171766,5
23,Alabama,2016,215152999,30,7171766,5
24,Alabama,2017,227168000,32,7099000,5
25,Alabama,2018,217909999,33,6603333,5
26,Alabama,2019,247489999,37,6688918,5
27,Alabama,2020,228334999,35,6523857,5
28,Alabama,2021,209082999,32,6533843,5
29,Alabama,2022,156500999,27,5796333,5
30,Appalachian State,2013,1290000,1,1290000,1
31,Appalachian State,2014,1290000,1,1290000,1
32,Appalachian State,2015,1290000,1,1290000,1
33,Appalachian State,2016,1290000,1,1290000,1
34,Appalachian State,2017,2786000,3,928666,1
35,Appalachian State,2018,3214000,3,1071333,1
36,Appalachian State,2019,3214000,3,1071333,1
37,Appalachian State,2020,3726000,4,931500,1
38,Appalachian State,2021,4898000,7,699714,1
39,Appalachian State,2022,7144000,10,714400,1
40,Arizona,2013,28188000,19,1483578,2
41,Arizona,2014,28188000,19,1483578,2
42,Arizona,2015,28188000,19,1483578,2
43,Arizona,2016,28188000,19,1483578,2
44,Arizona,2017,29714999,23,1291956,1
45,Arizona,2018,14295999,17,840941,1
46,Arizona,2019,19082998,20,954149,1
47,Arizona,2020,20830999,18,1157277,1
48,Arizona,2021,22519999,18,1251111,1
49,Arizona,2022,15928000,12,1327333,2
50,Arizona State,2013,41350000,22,1879545,2
51,Arizona State,2014,41350000,22,1879545,2
52,Arizona State,2015,41350000,22,1879545,2
53,Arizona State,2016,41350000,22,1879545,2
54,Arizona State,2017,36958000,24,1539916,2
55,Arizona State,2018,25318000,19,1332526,2
56,Arizona State,2019,18820000,16,1176250,1
57,Arizona State,2020,17694000,13,1361076,2
58,Arizona State,2021,16522000,12,1376833,2
59,Arizona State,2022,19253000,16,1203312,1
60,Arkansas,2013,61348999,21,2921380,3
61,Arkansas,2014,61348999,21,2921380,3
62,Arkansas,2015,61348999,21,2921380,3
63,Arkansas,2016,61348999,21,2921380,3
64,Arkansas,2017,71004999,23,3087173,3
65,Arkansas,2018,62838999,22,2856318,3
66,Arkansas,2019,45610000,17,2682941,3
67,Arkansas,2020,27833999,12,2319499,2
68,Arkansas,2021,17359999,8,2169999,2
69,Arkansas,2022,35675999,12,2972999,3
70,Arkansas State,2013,1779000,4,444750,1
71,Arkansas State,2014,1779000,4,444750,1
72,Arkansas State,2015,1779000,4,444750,1
73,Arkansas State,2016,1779000,4,444750,1
74,Arkansas State,2017,1737000,5,347400,1
75,Arkansas State,2018,2009000,6,334833,1
76,Arkansas State,2019,3034000,5,606800,1
77,Arkansas State,2020,3260000,4,815000,1
78,Arkansas State,2021,6649000,7,949857,1
79,Arkansas State,2022,4986000,6,831000,1
80,Army,2013,15178000,4,3794500,3
81,Army,2014,15178000,4,3794500,3
82,Army,2015,15178000,4,3794500,3
83,Army,2016,15178000,4,3794500,3
84,Army,2017,24504000,5,4900800,3
85,Army,2018,19090000,4,4772500,3
86,Army,2019,20011000,4,5002750,3
87,Army,2020,22996000,4,5749000,4
88,Army,2021,21788000,5,4357600,3
89,Army,2022,15182000,5,3036400,3
90,Auburn,2013,110087000,22,5003954,4
91,Auburn,2014,110087000,22,5003954,4
92,Auburn,2015,110087000,22,5003954,4
93,Auburn,2016,110087000,22,5003954,4
94,Auburn,2017,104404000,23,4539304,4
95,Auburn,2018,105670000,23,4594347,4
96,Auburn,2019,118128000,25,4725120,4
97,Auburn,2020,136779000,27,5065888,4
98,Auburn,2021,110822999,25,4432919,4
99,Auburn,2022,108584999,25,4343399,4
100,Austin Peay,2013,0,0,0,1
101,Austin Peay,2014,0,0,0,1
102,Austin Peay,2015,0,0,0,1
103,Austin Peay,2016,0,0,0,1
104,Austin Peay,2017,0,0,0,1
105,Austin Peay,2018,0,0,0,1
106,Austin Peay,2019,1193000,1,1193000,1
107,Austin Peay,2020,1193000,1,1193000,1
108,Austin Peay,2021,1694000,2,847000,1
109,Austin Peay,2022,501000,1,501000,1
110,BYU,2013,28489999,19,1499473,2
111,BYU,2014,28489999,19,1499473,2
112,BYU,2015,28489999,19,1499473,2
113,BYU,2016,28489999,19,1499473,2
114,BYU,2017,26676999,21,1270333,1
115,BYU,2018,25598998,20,1279949,1
116,BYU,2019,23439999,23,1019130,1
117,BYU,2020,23375999,21,1113142,1
118,BYU,2021,21951000,22,997772,1
119,BYU,2022,23935000,22,1087954,1
120,Ball State,2013,1197000,2,598500,1
121,Ball State,2014,1197000,2,598500,1
122,Ball State,2015,1197000,2,598500,1
123,Ball State,2016,1197000,2,598500,1
124,Ball State,2017,1349000,3,449666,1
125,Ball State,2018,744000,2,372000,1
126,Ball State,2019,3553000,4,888250,1
127,Ball State,2020,3021000,3,1007000,1
128,Ball State,2021,3896000,4,974000,1
129,Ball State,2022,1968000,3,656000,1
130,Baylor,2013,53666999,25,2146679,2
131,Baylor,2014,53666999,25,2146679,2
132,Baylor,2015,53666999,25,2146679,2
133,Baylor,2016,53666999,25,2146679,2
134,Baylor,2017,52036998,28,1858464,2
135,Baylor,2018,43027999,24,1792833,2
136,Baylor,2019,23345999,24,972749,1
137,Baylor,2020,33069000,23,1437782,2
138,Baylor,2021,35233000,25,1409320,2
139,Baylor,2022,41397000,24,1724875,2
140,Boise State,2013,23132998,19,1217526,1
141,Boise State,2014,23132998,19,1217526,1
142,Boise State,2015,23132998,19,1217526,1
143,Boise State,2016,23132998,19,1217526,1
144,Boise State,2017,19441998,20,972099,1
145,Boise State,2018,17304997,20,865249,1
146,Boise State,2019,15547999,20,777399,1
147,Boise State,2020,17128999,21,815666,1
148,Boise State,2021,13948000,18,774888,1
149,Boise State,2022,16574000,22,753363,1
150,Boston College,2013,15271000,7,2181571,2
151,Boston College,2014,15271000,7,2181571,2
152,Boston College,2015,15271000,7,2181571,2
153,Boston College,2016,15271000,7,2181571,2
154,Boston College,2017,11347000,8,1418375,1
155,Boston College,2018,11744000,9,1304888,1
156,Boston College,2019,16609000,14,1186357,1
157,Boston College,2020,12463000,10,1246300,1
158,Boston College,2021,19513000,9,2168111,2
159,Boston College,2022,13366000,6,2227666,2
160,Bowling Green,2013,4006000,7,572285,1
161,Bowling Green,2014,4006000,7,572285,1
162,Bowling Green,2015,4006000,7,572285,1
163,Bowling Green,2016,4006000,7,572285,1
164,Bowling Green,2017,4006000,7,572285,1
165,Bowling Green,2018,1814000,3,604666,1
166,Bowling Green,2019,0,0,0,1
167,Bowling Green,2020,1280000,1,1280000,1
168,Bowling Green,2021,1472000,2,736000,1
169,Bowling Green,2022,1472000,2,736000,1
170,Buffalo,2013,4688000,4,1172000,1
171,Buffalo,2014,4688000,4,1172000,1
172,Buffalo,2015,4688000,4,1172000,1
173,Buffalo,2016,4688000,4,1172000,1
174,Buffalo,2017,2239000,2,1119500,1
175,Buffalo,2018,949000,1,949000,1
176,Buffalo,2019,888000,2,444000,1
177,Buffalo,2020,3058000,3,1019333,1
178,Buffalo,2021,4575000,5,915000,1
179,Buffalo,2022,3687000,3,1229000,1
180,California,2013,21881000,18,1215611,1
181,California,2014,21881000,18,1215611,1
182,California,2015,21881000,18,1215611,1
183,California,2016,21881000,18,1215611,1
184,California,2017,23296999,17,1370411,1
185,California,2018,31376999,21,1494142,2
186,California,2019,26573999,21,1265428,1
187,California,2020,22299000,20,1114950,1
188,California,2021,13330000,15,888666,1
189,California,2022,9490000,12,790833,1
190,Campbell,2013,0,0,0,1
191,Campbell,2014,0,0,0,1
192,Campbell,2015,0,0,0,1
193,Campbell,2016,0,0,0,1
194,Campbell,2017,0,0,0,1
195,Campbell,2018,0,0,0,1
196,Campbell,2019,0,0,0,1
197,Campbell,2020,0,0,0,1
198,Campbell,2021,509000,1,509000,1
199,Campbell,2022,509000,1,509000,1
200,Central Arkansas,2013,0,0,0,1
201,Central Arkansas,2014,0,0,0,1
202,Central Arkansas,2015,0,0,0,1
203,Central Arkansas,2016,0,0,0,1
204,Central Arkansas,2017,0,0,0,1
205,Central Arkansas,2018,0,0,0,1
206,Central Arkansas,2019,0,0,0,1
207,Central Arkansas,2020,0,0,0,1
208,Central Arkansas,2021,501000,1,501000,1
209,Central Arkansas,2022,501000,1,501000,1
210,Central Michigan,2013,1153000,2,576500,1
211,Central Michigan,2014,1153000,2,576500,1
212,Central Michigan,2015,1153000,2,576500,1
213,Central Michigan,2016,1153000,2,576500,1
214,Central Michigan,2017,1466000,3,488666,1
215,Central Michigan,2018,1682000,4,420500,1
216,Central Michigan,2019,1546000,4,386500,1
217,Central Michigan,2020,999000,3,333000,1
218,Central Michigan,2021,1976000,4,494000,1
219,Central Michigan,2022,1551000,3,517000,1
220,Charlotte,2013,0,0,0,1
221,Charlotte,2014,0,0,0,1
222,Charlotte,2015,0,0,0,1
223,Charlotte,2016,0,0,0,1
224,Charlotte,2017,0,0,0,1
225,Charlotte,2018,0,0,0,1
226,Charlotte,2019,0,0,0,1
227,Charlotte,2020,0,0,0,1
228,Charlotte,2021,408000,1,408000,1
229,Charlotte,2022,408000,1,408000,1
230,Chattanooga,2013,0,0,0,1
231,Chattanooga,2014,0,0,0,1
232,Chattanooga,2015,0,0,0,1
233,Chattanooga,2016,0,0,0,1
234,Chattanooga,2017,2437000,1,2437000,2
235,Chattanooga,2018,2437000,1,2437000,2
236,Chattanooga,2019,2437000,1,2437000,2
237,Chattanooga,2020,0,0,0,1
238,Chattanooga,2021,0,0,0,1
239,Chattanooga,2022,0,0,0,1
240,Cincinnati,2013,9671000,11,879181,1
241,Cincinnati,2014,9671000,11,879181,1
242,Cincinnati,2015,9671000,11,879181,1
243,Cincinnati,2016,9671000,11,879181,1
244,Cincinnati,2017,10494000,10,1049400,1
245,Cincinnati,2018,11447000,8,1430875,2
246,Cincinnati,2019,11099000,6,1849833,2
247,Cincinnati,2020,20075000,10,2007500,2
248,Cincinnati,2021,23581000,15,1572066,2
249,Cincinnati,2022,34078000,23,1481652,2
250,Clemson,2013,81327000,22,3696681,3
251,Clemson,2014,81327000,22,3696681,3
252,Clemson,2015,81327000,22,3696681,3
253,Clemson,2016,81327000,22,3696681,3
254,Clemson,2017,95067000,24,3961125,3
255,Clemson,2018,111410000,30,3713666,3
256,Clemson,2019,107841000,32,3370031,3
257,Clemson,2020,95441000,31,3078741,3
258,Clemson,2021,99768000,27,3695111,3
259,Clemson,2022,88542000,23,3849652,4
260,Coastal Carolina,2013,0,0,0,1
261,Coastal Carolina,2014,0,0,0,1
262,Coastal Carolina,2015,0,0,0,1
263,Coastal Carolina,2016,0,0,0,1
264,Coastal Carolina,2017,0,0,0,1
265,Coastal Carolina,2018,0,0,0,1
266,Coastal Carolina,2019,0,0,0,1
267,Coastal Carolina,2020,0,0,0,1
268,Coastal Carolina,2021,1865000,4,466250,1
269,Coastal Carolina,2022,4258000,7,608285,1
270,Colorado,2013,5312000,6,885333,1
271,Colorado,2014,5312000,6,885333,1
272,Colorado,2015,5312000,6,885333,1
273,Colorado,2016,5312000,6,885333,1
274,Colorado,2017,17802000,11,1618363,2
275,Colorado,2018,22603999,15,1506933,2
276,Colorado,2019,28585999,17,1681529,2
277,Colorado,2020,24377999,16,1523624,2
278,Colorado,2021,20122000,13,1547846,2
279,Colorado,2022,18487000,10,1848700,2
280,Colorado State,2013,4058000,3,1352666,1
281,Colorado State,2014,4058000,3,1352666,1
282,Colorado State,2015,4058000,3,1352666,1
283,Colorado State,2016,4058000,3,1352666,1
284,Colorado State,2017,3209000,5,641800,1
285,Colorado State,2018,4356000,6,726000,1
286,Colorado State,2019,4776000,7,682285,1
287,Colorado State,2020,4764000,8,595500,1
288,Colorado State,2021,2631000,6,438500,1
289,Colorado State,2022,2724000,6,454000,1
290,Connecticut,2013,12353000,6,2058833,2
291,Connecticut,2014,12353000,6,2058833,2
292,Connecticut,2015,12353000,6,2058833,2
293,Connecticut,2016,12353000,6,2058833,2
294,Connecticut,2017,7527000,6,1254500,1
295,Connecticut,2018,6142000,6,1023666,1
296,Connecticut,2019,2999000,4,749750,1
297,Connecticut,2020,2119000,4,529750,1
298,Connecticut,2021,1064000,2,532000,1
299,Connecticut,2022,1064000,2,532000,1
300,Duke,2013,5672000,6,945333,1
301,Duke,2014,5672000,6,945333,1
302,Duke,2015,5672000,6,945333,1
303,Duke,2016,5672000,6,945333,1
304,Duke,2017,10681000,8,1335125,1
305,Duke,2018,10684000,8,1335500,2
306,Duke,2019,13253000,10,1325300,1
307,Duke,2020,12983000,9,1442555,2
308,Duke,2021,15090000,9,1676666,2
309,Duke,2022,11773000,7,1681857,2
310,East Carolina,2013,7922000,9,880222,1
311,East Carolina,2014,7922000,9,880222,1
312,East Carolina,2015,7922000,9,880222,1
313,East Carolina,2016,7922000,9,880222,1
314,East Carolina,2017,7394000,7,1056285,1
315,East Carolina,2018,2973000,4,743250,1
316,East Carolina,2019,486000,1,486000,1
317,East Carolina,2020,860000,2,430000,1
318,East Carolina,2021,3170000,6,528333,1
319,East Carolina,2022,6056000,8,757000,1
320,Eastern Kentucky,2013,0,0,0,1
321,Eastern Kentucky,2014,0,0,0,1
322,Eastern Kentucky,2015,0,0,0,1
323,Eastern Kentucky,2016,0,0,0,1
324,Eastern Kentucky,2017,0,0,0,1
325,Eastern Kentucky,2018,0,0,0,1
326,Eastern Kentucky,2019,0,0,0,1
327,Eastern Kentucky,2020,0,0,0,1
328,Eastern Kentucky,2021,1388000,2,694000,1
329,Eastern Kentucky,2022,1388000,2,694000,1
330,Florida,2013,89552666,20,4477633,4
331,Florida,2014,89552666,20,4477633,4
332,Florida,2015,89552666,20,4477633,4
333,Florida,2016,89552666,20,4477633,4
334,Florida,2017,100270000,20,5013500,4
335,Florida,2018,109948000,25,4397920,4
336,Florida,2019,89218000,23,3879043,3
337,Florida,2020,90604000,25,3624160,3
338,Florida,2021,90666000,24,3777750,3
339,Florida,2022,95140000,24,3964166,4
340,Florida Atlantic,2013,1030000,4,257500,1
341,Florida Atlantic,2014,1030000,4,257500,1
342,Florida Atlantic,2015,1030000,4,257500,1
343,Florida Atlantic,2016,1030000,4,257500,1
344,Florida Atlantic,2017,803000,2,401500,1
345,Florida Atlantic,2018,921000,2,460500,1
346,Florida Atlantic,2019,2935000,3,978333,1
347,Florida Atlantic,2020,5555000,4,1388750,2
348,Florida Atlantic,2021,5300000,3,1766666,2
349,Florida Atlantic,2022,2620000,1,2620000,3
350,Florida International,2013,298000,2,149000,1
351,Florida International,2014,298000,2,149000,1
352,Florida International,2015,298000,2,149000,1
353,Florida International,2016,298000,2,149000,1
354,Florida International,2017,252000,1,252000,1
355,Florida International,2018,0,0,0,1
356,Florida International,2019,345000,1,345000,1
357,Florida International,2020,345000,1,345000,1
358,Florida International,2021,345000,1,345000,1
359,Florida International,2022,0,0,0,1
360,Florida State,2013,125015000,27,4630185,4
361,Florida State,2014,125015000,27,4630185,4
362,Florida State,2015,125015000,27,4630185,4
363,Florida State,2016,125015000,27,4630185,4
364,Florida State,2017,128004999,27,4740925,4
365,Florida State,2018,94458999,26,3633038,3
366,Florida State,2019,87760999,27,3250407,3
367,Florida State,2020,55932999,22,2542409,2
368,Florida State,2021,41978999,19,2209421,2
369,Florida State,2022,34513999,16,2157124,2
370,Fresno State,2013,10437000,11,948818,1
371,Fresno State,2014,10437000,11,948818,1
372,Fresno State,2015,10437000,11,948818,1
373,Fresno State,2016,10437000,11,948818,1
374,Fresno State,2017,7436000,9,826222,1
375,Fresno State,2018,4700999,7,671571,1
376,Fresno State,2019,6199999,9,688888,1
377,Fresno State,2020,8175999,11,743272,1
378,Fresno State,2021,5159000,8,644875,1
379,Fresno State,2022,2953000,5,590600,1
380,Georgia,2013,105541999,23,4588782,4
381,Georgia,2014,105541999,23,4588782,4
382,Georgia,2015,105541999,23,4588782,4
383,Georgia,2016,105541999,23,4588782,4
384,Georgia,2017,78057999,19,4108315,3
385,Georgia,2018,94977999,23,4129478,4
386,Georgia,2019,135468000,26,5210307,4
387,Georgia,2020,170645000,33,5171060,4
388,Georgia,2021,148175000,26,5699038,5
389,Georgia,2022,124361000,26,4783115,4
390,Georgia Southern,2013,0,0,0,1
391,Georgia Southern,2014,0,0,0,1
392,Georgia Southern,2015,0,0,0,1
393,Georgia Southern,2016,0,0,0,1
394,Georgia Southern,2017,766000,2,383000,1
395,Georgia Southern,2018,1187000,3,395666,1
396,Georgia Southern,2019,1187000,3,395666,1
397,Georgia Southern,2020,421000,1,421000,1
398,Georgia Southern,2021,817000,3,272333,1
399,Georgia Southern,2022,817000,3,272333,1
400,Georgia State,2013,0,0,0,1
401,Georgia State,2014,0,0,0,1
402,Georgia State,2015,0,0,0,1
403,Georgia State,2016,0,0,0,1
404,Georgia State,2017,0,0,0,1
405,Georgia State,2018,0,0,0,1
406,Georgia State,2019,790000,1,790000,1
407,Georgia State,2020,790000,1,790000,1
408,Georgia State,2021,1910000,3,636666,1
409,Georgia State,2022,1120000,2,560000,1
410,Georgia Tech,2013,35427999,13,2725230,2
411,Georgia Tech,2014,35427999,13,2725230,2
412,Georgia Tech,2015,35427999,13,2725230,2
413,Georgia Tech,2016,35427999,13,2725230,2
414,Georgia Tech,2017,28732999,12,2394416,2
415,Georgia Tech,2018,24360999,12,2030083,2
416,Georgia Tech,2019,19716000,11,1792363,2
417,Georgia Tech,2020,18531000,9,2059000,2
418,Georgia Tech,2021,21503000,11,1954818,2
419,Georgia Tech,2022,22683000,10,2268300,2
420,Hawaii,2013,610000,1,610000,1
421,Hawaii,2014,610000,1,610000,1
422,Hawaii,2015,610000,1,610000,1
423,Hawaii,2016,610000,1,610000,1
424,Hawaii,2017,2745000,2,1372500,1
425,Hawaii,2018,3200000,3,1066666,1
426,Hawaii,2019,3433000,4,858250,1
427,Hawaii,2020,2657000,6,442833,1
428,Hawaii,2021,2461000,6,410166,1
429,Hawaii,2022,3282000,8,410250,1
430,Houston,2013,12387000,12,1032250,1
431,Houston,2014,12387000,12,1032250,1
432,Houston,2015,12387000,12,1032250,1
433,Houston,2016,12387000,12,1032250,1
434,Houston,2017,26246000,16,1640375,2
435,Houston,2018,24406000,15,1627066,2
436,Houston,2019,23602000,14,1685857,2
437,Houston,2020,18865999,15,1257733,1
438,Houston,2021,20569999,16,1285624,1
439,Houston,2022,16762999,16,1047687,1
440,Illinois,2013,15753998,11,1432181,1
441,Illinois,2014,15753998,11,1432181,1
442,Illinois,2015,15753998,11,1432181,1
443,Illinois,2016,15753998,11,1432181,1
444,Illinois,2017,12247998,10,1224799,1
445,Illinois,2018,16045998,10,1604599,2
446,Illinois,2019,11871000,9,1319000,1
447,Illinois,2020,12832000,10,1283200,1
448,Illinois,2021,7085000,8,885625,1
449,Illinois,2022,13575000,10,1357500,2
450,Indiana,2013,29118000,9,3235333,3
451,Indiana,2014,29118000,9,3235333,3
452,Indiana,2015,29118000,9,3235333,3
453,Indiana,2016,29118000,9,3235333,3
454,Indiana,2017,30917000,8,3864625,3
455,Indiana,2018,44666000,12,3722166,3
456,Indiana,2019,34743000,13,2672538,2
457,Indiana,2020,33725000,15,2248333,2
458,Indiana,2021,31883999,16,1992749,2
459,Indiana,2022,34513999,16,2157124,2
460,Iowa,2013,47572999,18,2642944,2
461,Iowa,2014,47572999,18,2642944,2
462,Iowa,2015,47572999,18,2642944,2
463,Iowa,2016,47572999,18,2642944,2
464,Iowa,2017,49621998,19,2611684,2
465,Iowa,2018,60954998,22,2770681,3
466,Iowa,2019,53103999,22,2413818,2
467,Iowa,2020,56542000,26,2174692,2
468,Iowa,2021,43544000,22,1979272,2
469,Iowa,2022,44753000,21,2131095,2
470,Iowa State,2013,22588000,22,1026727,1
471,Iowa State,2014,22588000,22,1026727,1
472,Iowa State,2015,22588000,22,1026727,1
473,Iowa State,2016,22588000,22,1026727,1
474,Iowa State,2017,20093000,19,1057526,1
475,Iowa State,2018,17854000,18,991888,1
476,Iowa State,2019,19731000,18,1096166,1
477,Iowa State,2020,27450000,24,1143750,1
478,Iowa State,2021,39480000,28,1410000,2
479,Iowa State,2022,44634000,30,1487800,2
480,Kansas,2013,8767000,18,487055,1
481,Kansas,2014,8767000,18,487055,1
482,Kansas,2015,8767000,18,487055,1
483,Kansas,2016,8767000,18,487055,1
484,Kansas,2017,8085000,18,449166,1
485,Kansas,2018,9102000,17,535411,1
486,Kansas,2019,12761000,17,750647,1
487,Kansas,2020,14406000,17,847411,1
488,Kansas,2021,14766000,19,777157,1
489,Kansas,2022,14256000,19,750315,1
490,Kansas State,2013,29860000,24,1244166,1
491,Kansas State,2014,29860000,24,1244166,1
492,Kansas State,2015,29860000,24,1244166,1
493,Kansas State,2016,29860000,24,1244166,1
494,Kansas State,2017,31512000,24,1313000,1
495,Kansas State,2018,22803000,24,950125,1
496,Kansas State,2019,21134000,21,1006380,1
497,Kansas State,2020,24763000,22,1125590,1
498,Kansas State,2021,29654000,23,1289304,1
499,Kansas State,2022,30276000,24,1261500,2
500,Kent State,2013,875000,2,437500,1
501,Kent State,2014,875000,2,437500,1
502,Kent State,2015,875000,2,437500,1
503,Kent State,2016,875000,2,437500,1
504,Kent State,2017,927000,2,463500,1
505,Kent State,2018,2116000,2,1058000,1
506,Kent State,2019,3009000,3,1003000,1
507,Kent State,2020,3147000,3,1049000,1
508,Kent State,2021,2667000,4,666750,1
509,Kent State,2022,1774000,3,591333,1
510,Kentucky,2013,16945000,7,2420714,2
511,Kentucky,2014,16945000,7,2420714,2
512,Kentucky,2015,16945000,7,2420714,2
513,Kentucky,2016,16945000,7,2420714,2
514,Kentucky,2017,18046000,7,2578000,2
515,Kentucky,2018,12894000,5,2578800,2
516,Kentucky,2019,19670000,8,2458750,2
517,Kentucky,2020,18479000,7,2639857,3
518,Kentucky,2021,17592000,7,2513142,2
519,Kentucky,2022,21587000,9,2398555,2
520,LSU,2013,114184000,23,4964521,4
521,LSU,2014,114184000,23,4964521,4
522,LSU,2015,114184000,23,4964521,4
523,LSU,2016,114184000,23,4964521,4
524,LSU,2017,96894000,21,4614000,4
525,LSU,2018,95736000,24,3989000,4
526,LSU,2019,109743000,25,4389720,4
527,LSU,2020,140483000,26,5403192,5
528,LSU,2021,128311000,21,6110047,5
529,LSU,2022,99295000,20,4964750,4
530,Liberty,2013,0,0,0,1
531,Liberty,2014,0,0,0,1
532,Liberty,2015,0,0,0,1
533,Liberty,2016,0,0,0,1
534,Liberty,2017,0,0,0,1
535,Liberty,2018,0,0,0,1
536,Liberty,2019,0,0,0,1
537,Liberty,2020,0,0,0,1
538,Liberty,2021,133000,1,133000,1
539,Liberty,2022,133000,1,133000,1
540,Louisiana,2013,2699000,6,449833,1
541,Louisiana,2014,2699000,6,449833,1
542,Louisiana,2015,2699000,6,449833,1
543,Louisiana,2016,2699000,6,449833,1
544,Louisiana,2017,1702000,4,425500,1
545,Louisiana,2018,892000,2,446000,1
546,Louisiana,2019,541000,1,541000,1
547,Louisiana,2020,1269000,2,634500,1
548,Louisiana,2021,3617000,5,723400,1
549,Louisiana,2022,7622000,8,952750,1
550,Louisiana Tech,2013,1612000,6,268666,1
551,Louisiana Tech,2014,1612000,6,268666,1
552,Louisiana Tech,2015,1612000,6,268666,1
553,Louisiana Tech,2016,1612000,6,268666,1
554,Louisiana Tech,2017,1996000,4,499000,1
555,Louisiana Tech,2018,1271000,3,423666,1
556,Louisiana Tech,2019,926000,1,926000,1
557,Louisiana Tech,2020,0,0,0,1
558,Louisiana Tech,2021,916000,3,305333,1
559,Louisiana Tech,2022,916000,3,305333,1
560,Louisiana-Monroe,2013,159000,1,159000,1
561,Louisiana-Monroe,2014,159000,1,159000,1
562,Louisiana-Monroe,2015,159000,1,159000,1
563,Louisiana-Monroe,2016,159000,1,159000,1
564,Louisiana-Monroe,2017,0,0,0,1
565,Louisiana-Monroe,2018,526000,1,526000,1
566,Louisiana-Monroe,2019,526000,1,526000,1
567,Louisiana-Monroe,2020,685000,2,342500,1
568,Louisiana-Monroe,2021,292000,2,146000,1
569,Louisiana-Monroe,2022,890000,3,296666,1
570,Louisville,2013,33546000,16,2096625,2
571,Louisville,2014,33546000,16,2096625,2
572,Louisville,2015,33546000,16,2096625,2
573,Louisville,2016,33546000,16,2096625,2
574,Louisville,2017,51109000,19,2689947,2
575,Louisville,2018,49805000,18,2766944,3
576,Louisville,2019,50425000,20,2521250,2
577,Louisville,2020,33377000,15,2225133,2
578,Louisville,2021,29099000,14,2078500,2
579,Louisville,2022,25818000,13,1986000,2
580,MTSU,2013,218000,2,109000,1
581,MTSU,2014,218000,2,109000,1
582,MTSU,2015,218000,2,109000,1
583,MTSU,2016,218000,2,109000,1
584,MTSU,2017,127000,1,127000,1
585,MTSU,2018,453000,1,453000,1
586,MTSU,2019,453000,1,453000,1
587,MTSU,2020,982000,2,491000,1
588,MTSU,2021,1171000,2,585500,1
589,MTSU,2022,1171000,2,585500,1
590,Marshall,2013,2427000,7,346714,1
591,Marshall,2014,2427000,7,346714,1
592,Marshall,2015,2427000,7,346714,1
593,Marshall,2016,2427000,7,346714,1
594,Marshall,2017,2181000,5,436200,1
595,Marshall,2018,1309000,3,436333,1
596,Marshall,2019,453000,1,453000,1
597,Marshall,2020,1833000,2,916500,1
598,Marshall,2021,3610000,3,1203333,1
599,Marshall,2022,4624000,4,1156000,1
600,Maryland,2013,14114000,9,1568222,2
601,Maryland,2014,14114000,9,1568222,2
602,Maryland,2015,14114000,9,1568222,2
603,Maryland,2016,14114000,9,1568222,2
604,Maryland,2017,14105000,9,1567222,2
605,Maryland,2018,17684999,13,1360384,2
606,Maryland,2019,26850999,15,1790066,2
607,Maryland,2020,31274999,19,1646052,2
608,Maryland,2021,24727000,14,1766214,2
609,Maryland,2022,21779000,15,1451933,2
610,Massachusetts,2013,1964000,1,1964000,2
611,Massachusetts,2014,1964000,1,1964000,2
612,Massachusetts,2015,1964000,1,1964000,2
613,Massachusetts,2016,1964000,1,1964000,2
614,Massachusetts,2017,1964000,1,1964000,2
615,Massachusetts,2018,1964000,1,1964000,2
616,Massachusetts,2019,0,0,0,1
617,Massachusetts,2020,0,0,0,1
618,Massachusetts,2021,130000,1,130000,1
619,Massachusetts,2022,130000,1,130000,1
620,Memphis,2013,5451000,6,908500,1
621,Memphis,2014,5451000,6,908500,1
622,Memphis,2015,5451000,6,908500,1
623,Memphis,2016,5451000,6,908500,1
624,Memphis,2017,9299000,8,1162375,1
625,Memphis,2018,18381000,14,1312928,1
626,Memphis,2019,18839000,13,1449153,2
627,Memphis,2020,26220000,18,1456666,2
628,Memphis,2021,21062000,16,1316375,1
629,Memphis,2022,17909000,16,1119312,1
630,Miami (Florida),2013,47679000,18,2648833,2
631,Miami (Florida),2014,47679000,18,2648833,2
632,Miami (Florida),2015,47679000,18,2648833,2
633,Miami (Florida),2016,47679000,18,2648833,2
634,Miami (Florida),2017,40513000,19,2132263,2
635,Miami (Florida),2018,55419000,21,2639000,2
636,Miami (Florida),2019,62696999,27,2322111,2
637,Miami (Florida),2020,63089998,28,2253214,2
638,Miami (Florida),2021,43885998,23,1908086,2
639,Miami (Florida),2022,39721999,17,2336588,2
640,Miami (Ohio),2013,564000,1,564000,1
641,Miami (Ohio),2014,564000,1,564000,1
642,Miami (Ohio),2015,564000,1,564000,1
643,Miami (Ohio),2016,564000,1,564000,1
644,Miami (Ohio),2017,564000,1,564000,1
645,Miami (Ohio),2018,645000,2,322500,1
646,Miami (Ohio),2019,1127000,3,375666,1
647,Miami (Ohio),2020,2551000,6,425166,1
648,Miami (Ohio),2021,2548000,5,509600,1
649,Miami (Ohio),2022,2066000,4,516500,1
650,Michigan,2013,107776000,21,5132190,4
651,Michigan,2014,107776000,21,5132190,4
652,Michigan,2015,107776000,21,5132190,4
653,Michigan,2016,107776000,21,5132190,4
654,Michigan,2017,117420000,24,4892500,4
655,Michigan,2018,139981000,26,5383884,5
656,Michigan,2019,156135000,29,5383965,5
657,Michigan,2020,153691000,28,5488964,5
658,Michigan,2021,129120000,25,5164800,4
659,Michigan,2022,124501000,24,5187541,5
660,Michigan State,2013,92902000,21,4423904,4
661,Michigan State,2014,92902000,21,4423904,4
662,Michigan State,2015,92902000,21,4423904,4
663,Michigan State,2016,92902000,21,4423904,4
664,Michigan State,2017,97146000,20,4857300,4
665,Michigan State,2018,94474000,22,4294272,4
666,Michigan State,2019,63305000,21,3014523,3
667,Michigan State,2020,64823000,25,2592920,2
668,Michigan State,2021,53632000,21,2553904,2
669,Michigan State,2022,63878000,21,3041809,3
670,Minnesota,2013,37573000,15,2504866,2
671,Minnesota,2014,37573000,15,2504866,2
672,Minnesota,2015,37573000,15,2504866,2
673,Minnesota,2016,37573000,15,2504866,2
674,Minnesota,2017,23472000,9,2608000,2
675,Minnesota,2018,21434000,12,1786166,2
676,Minnesota,2019,14132999,13,1087153,1
677,Minnesota,2020,31799999,19,1673684,2
678,Minnesota,2021,31864999,15,2124333,2
679,Minnesota,2022,40699000,15,2713266,3
680,Mississippi,2013,79359999,23,3450434,3
681,Mississippi,2014,79359999,23,3450434,3
682,Mississippi,2015,79359999,23,3450434,3
683,Mississippi,2016,79359999,23,3450434,3
684,Mississippi,2017,85823999,23,3731478,3
685,Mississippi,2018,60411999,19,3179578,3
686,Mississippi,2019,48609999,17,2859411,3
687,Mississippi,2020,35771000,17,2104176,2
688,Mississippi,2021,33233000,14,2373785,2
689,Mississippi,2022,41390000,16,2586875,3
690,Mississippi State,2013,71459998,21,3402857,3
691,Mississippi State,2014,71459998,21,3402857,3
692,Mississippi State,2015,71459998,21,3402857,3
693,Mississippi State,2016,71459998,21,3402857,3
694,Mississippi State,2017,60966998,19,3208789,3
695,Mississippi State,2018,45162999,19,2376999,2
696,Mississippi State,2019,49060000,21,2336190,2
697,Mississippi State,2020,51183000,21,2437285,2
698,Mississippi State,2021,39557000,17,2326882,2
699,Mississippi State,2022,30323000,14,2165928,2
700,Missouri,2013,52590000,16,3286875,3
701,Missouri,2014,52590000,16,3286875,3
702,Missouri,2015,52590000,16,3286875,3
703,Missouri,2016,52590000,16,3286875,3
704,Missouri,2017,41847000,14,2989071,3
705,Missouri,2018,16664000,10,1666400,2
706,Missouri,2019,20864000,10,2086400,2
707,Missouri,2020,22953999,12,1912833,2
708,Missouri,2021,20946998,10,2094699,2
709,Missouri,2022,15462998,9,1718110,2
710,Missouri State,2013,0,0,0,1
711,Missouri State,2014,0,0,0,1
712,Missouri State,2015,0,0,0,1
713,Missouri State,2016,0,0,0,1
714,Missouri State,2017,0,0,0,1
715,Missouri State,2018,0,0,0,1
716,Missouri State,2019,337000,1,337000,1
717,Missouri State,2020,337000,1,337000,1
718,Missouri State,2021,337000,1,337000,1
719,Missouri State,2022,0,0,0,1
720,Montana State,2013,0,0,0,1
721,Montana State,2014,0,0,0,1
722,Montana State,2015,0,0,0,1
723,Montana State,2016,0,0,0,1
724,Montana State,2017,0,0,0,1
725,Montana State,2018,436000,1,436000,1
726,Montana State,2019,436000,1,436000,1
727,Montana State,2020,436000,1,436000,1
728,Montana State,2021,0,0,0,1
729,Montana State,2022,0,0,0,1
730,Murray State,2013,0,0,0,1
731,Murray State,2014,0,0,0,1
732,Murray State,2015,0,0,0,1
733,Murray State,2016,0,0,0,1
734,Murray State,2017,0,0,0,1
735,Murray State,2018,0,0,0,1
736,Murray State,2019,0,0,0,1
737,Murray State,2020,942000,1,942000,1
738,Murray State,2021,942000,1,942000,1
739,Murray State,2022,942000,1,942000,1
740,Navy,2013,28256000,9,3139555,3
741,Navy,2014,28256000,9,3139555,3
742,Navy,2015,28256000,9,3139555,3
743,Navy,2016,28256000,9,3139555,3
744,Navy,2017,36591999,10,3659199,3
745,Navy,2018,31101999,11,2827454,3
746,Navy,2019,28507999,10,2850799,3
747,Navy,2020,26705000,11,2427727,2
748,Navy,2021,25024000,12,2085333,2
749,Navy,2022,19048000,14,1360571,2
750,Nebraska,2013,54552000,17,3208941,3
751,Nebraska,2014,54552000,17,3208941,3
752,Nebraska,2015,54552000,17,3208941,3
753,Nebraska,2016,54552000,17,3208941,3
754,Nebraska,2017,57899999,19,3047368,3
755,Nebraska,2018,47345999,18,2630333,2
756,Nebraska,2019,46119999,17,2712941,3
757,Nebraska,2020,44012000,17,2588941,2
758,Nebraska,2021,47320000,16,2957500,3
759,Nebraska,2022,53803000,18,2989055,3
760,Nevada,2013,4215000,6,702500,1
761,Nevada,2014,4215000,6,702500,1
762,Nevada,2015,4215000,6,702500,1
763,Nevada,2016,4215000,6,702500,1
764,Nevada,2017,4965000,6,827500,1
765,Nevada,2018,3762000,5,752400,1
766,Nevada,2019,3154000,3,1051333,1
767,Nevada,2020,1000000,3,333333,1
768,Nevada,2021,1988000,5,397600,1
769,Nevada,2022,2918000,9,324222,1
770,New Mexico,2013,1291000,2,645500,1
771,New Mexico,2014,1291000,2,645500,1
772,New Mexico,2015,1291000,2,645500,1
773,New Mexico,2016,1291000,2,645500,1
774,New Mexico,2017,1953000,4,488250,1
775,New Mexico,2018,2918000,6,486333,1
776,New Mexico,2019,2918000,6,486333,1
777,New Mexico,2020,3527000,5,705400,1
778,New Mexico,2021,2703000,4,675750,1
779,New Mexico,2022,3007000,6,501166,1
780,New Mexico State,2013,0,0,0,1
781,New Mexico State,2014,0,0,0,1
782,New Mexico State,2015,0,0,0,1
783,New Mexico State,2016,0,0,0,1
784,New Mexico State,2017,0,0,0,1
785,New Mexico State,2018,0,0,0,1
786,New Mexico State,2019,295000,1,295000,1
787,New Mexico State,2020,295000,1,295000,1
788,New Mexico State,2021,295000,1,295000,1
789,New Mexico State,2022,0,0,0,1
790,Nicholls State,2013,412000,1,412000,1
791,Nicholls State,2014,412000,1,412000,1
792,Nicholls State,2015,412000,1,412000,1
793,Nicholls State,2016,412000,1,412000,1
794,Nicholls State,2017,0,0,0,1
795,Nicholls State,2018,0,0,0,1
796,Nicholls State,2019,0,0,0,1
797,Nicholls State,2020,0,0,0,1
798,Nicholls State,2021,0,0,0,1
799,Nicholls State,2022,0,0,0,1
800,North Carolina,2013,30172999,13,2320999,2
801,North Carolina,2014,30172999,13,2320999,2
802,North Carolina,2015,30172999,13,2320999,2
803,North Carolina,2016,30172999,13,2320999,2
804,North Carolina,2017,29401999,13,2261692,2
805,North Carolina,2018,33097998,17,1946941,2
806,North Carolina,2019,18469998,12,1539166,2
807,North Carolina,2020,18601998,12,1550166,2
808,North Carolina,2021,23585999,12,1965499,2
809,North Carolina,2022,34044000,17,2002588,2
810,North Carolina State,2013,11331000,5,2266200,2
811,North Carolina State,2014,11331000,5,2266200,2
812,North Carolina State,2015,11331000,5,2266200,2
813,North Carolina State,2016,11331000,5,2266200,2
814,North Carolina State,2017,17383000,7,2483285,2
815,North Carolina State,2018,25946000,11,2358727,2
816,North Carolina State,2019,25122000,12,2093500,2
817,North Carolina State,2020,18060000,12,1505000,2
818,North Carolina State,2021,12367000,10,1236700,1
819,North Carolina State,2022,14087000,10,1408700,2
820,North Texas,2013,183000,2,91500,1
821,North Texas,2014,183000,2,91500,1
822,North Texas,2015,183000,2,91500,1
823,North Texas,2016,183000,2,91500,1
824,North Texas,2017,75000,1,75000,1
825,North Texas,2018,924000,2,462000,1
826,North Texas,2019,924000,2,462000,1
827,North Texas,2020,924000,2,462000,1
828,North Texas,2021,0,0,0,1
829,North Texas,2022,0,0,0,1
830,Northern Iowa,2013,0,0,0,1
831,Northern Iowa,2014,0,0,0,1
832,Northern Iowa,2015,0,0,0,1
833,Northern Iowa,2016,0,0,0,1
834,Northern Iowa,2017,0,0,0,1
835,Northern Iowa,2018,0,0,0,1
836,Northern Iowa,2019,0,0,0,1
837,Northern Iowa,2020,493000,1,493000,1
838,Northern Iowa,2021,493000,1,493000,1
839,Northern Iowa,2022,493000,1,493000,1
840,Northwestern,2013,22186000,9,2465111,2
841,Northwestern,2014,22186000,9,2465111,2
842,Northwestern,2015,22186000,9,2465111,2
843,Northwestern,2016,22186000,9,2465111,2
844,Northwestern,2017,16805000,7,2400714,2
845,Northwestern,2018,19472000,10,1947200,2
846,Northwestern,2019,48407000,17,2847470,3
847,Northwestern,2020,52323000,22,2378318,2
848,Northwestern,2021,59845999,20,2992299,3
849,Northwestern,2022,31952999,14,2282357,2
850,Notre Dame,2013,142123999,34,4180117,3
851,Notre Dame,2014,142123999,34,4180117,3
852,Notre Dame,2015,142123999,34,4180117,3
853,Notre Dame,2016,142123999,34,4180117,3
854,Notre Dame,2017,143570999,35,4102028,3
855,Notre Dame,2018,129327999,34,3803764,3
856,Notre Dame,2019,132624000,36,3684000,3
857,Notre Dame,2020,126327000,34,3715500,3
858,Notre Dame,2021,138040000,32,4313750,4
859,Notre Dame,2022,120012000,29,4138344,4
860,Ohio,2013,3940000,5,788000,1
861,Ohio,2014,3940000,5,788000,1
862,Ohio,2015,3940000,5,788000,1
863,Ohio,2016,3940000,5,788000,1
864,Ohio,2017,2930000,4,732500,1
865,Ohio,2018,3826000,7,546571,1
866,Ohio,2019,3610000,7,515714,1
867,Ohio,2020,2563000,7,366142,1
868,Ohio,2021,1814000,4,453500,1
869,Ohio,2022,2400000,5,480000,1
870,Ohio State,2013,147770998,25,5910839,5
871,Ohio State,2014,147770998,25,5910839,5
872,Ohio State,2015,147770998,25,5910839,5
873,Ohio State,2016,147770998,25,5910839,5
874,Ohio State,2017,164781999,26,6337769,5
875,Ohio State,2018,190490998,30,6349699,5
876,Ohio State,2019,235458999,36,6540527,5
877,Ohio State,2020,230007999,35,6571657,5
878,Ohio State,2021,192148999,28,6862464,5
879,Ohio State,2022,144018999,23,6261695,5
880,Oklahoma,2013,78898998,31,2545128,2
881,Oklahoma,2014,78898998,31,2545128,2
882,Oklahoma,2015,78898998,31,2545128,2
883,Oklahoma,2016,78898998,31,2545128,2
884,Oklahoma,2017,78672998,29,2712862,2
885,Oklahoma,2018,90145998,30,3004866,3
886,Oklahoma,2019,117899999,33,3572727,3
887,Oklahoma,2020,143030999,35,4086599,4
888,Oklahoma,2021,131808998,32,4119031,4
889,Oklahoma,2022,117121998,30,3904066,4
890,Oklahoma State,2013,54272999,25,2170919,2
891,Oklahoma State,2014,54272999,25,2170919,2
892,Oklahoma State,2015,54272999,25,2170919,2
893,Oklahoma State,2016,54272999,25,2170919,2
894,Oklahoma State,2017,57453999,29,1981172,2
895,Oklahoma State,2018,59037000,30,1967900,2
896,Oklahoma State,2019,54707000,29,1886448,2
897,Oklahoma State,2020,50374000,28,1799071,2
898,Oklahoma State,2021,51048999,26,1963423,2
899,Oklahoma State,2022,53228999,27,1971444,2
900,Old Dominion,2013,127000,1,127000,1
901,Old Dominion,2014,127000,1,127000,1
902,Old Dominion,2015,127000,1,127000,1
903,Old Dominion,2016,127000,1,127000,1
904,Old Dominion,2017,127000,1,127000,1
905,Old Dominion,2018,0,0,0,1
906,Old Dominion,2019,0,0,0,1
907,Old Dominion,2020,414000,1,414000,1
908,Old Dominion,2021,414000,1,414000,1
909,Old Dominion,2022,414000,1,414000,1
910,Oregon,2013,74835000,28,2672678,2
911,Oregon,2014,74835000,28,2672678,2
912,Oregon,2015,74835000,28,2672678,2
913,Oregon,2016,74835000,28,2672678,2
914,Oregon,2017,62583000,24,2607625,2
915,Oregon,2018,40085000,20,2004250,2
916,Oregon,2019,32793000,18,1821833,2
917,Oregon,2020,49493000,22,2249681,2
918,Oregon,2021,54031000,21,2572904,2
919,Oregon,2022,70320000,24,2930000,3
920,Oregon State,2013,23510000,15,1567333,2
921,Oregon State,2014,23510000,15,1567333,2
922,Oregon State,2015,23510000,15,1567333,2
923,Oregon State,2016,23510000,15,1567333,2
924,Oregon State,2017,16834000,12,1402833,1
925,Oregon State,2018,10913000,11,992090,1
926,Oregon State,2019,9470000,10,947000,1
927,Oregon State,2020,9616000,10,961600,1
928,Oregon State,2021,11466000,10,1146600,1
929,Oregon State,2022,10464000,12,872000,1
930,Penn State,2013,48908999,19,2574157,2
931,Penn State,2014,48908999,19,2574157,2
932,Penn State,2015,48908999,19,2574157,2
933,Penn State,2016,48908999,19,2574157,2
934,Penn State,2017,60693000,19,3194368,3
935,Penn State,2018,84480000,21,4022857,4
936,Penn State,2019,99873000,23,4342304,4
937,Penn State,2020,106149000,27,3931444,3
938,Penn State,2021,85686999,24,3570291,3
939,Penn State,2022,93341999,24,3889249,4
940,Pittsburgh,2013,19672000,10,1967200,2
941,Pittsburgh,2014,19672000,10,1967200,2
942,Pittsburgh,2015,19672000,10,1967200,2
943,Pittsburgh,2016,19672000,10,1967200,2
944,Pittsburgh,2017,20214000,11,1837636,2
945,Pittsburgh,2018,26897999,11,2445272,2
946,Pittsburgh,2019,33626999,13,2586692,2
947,Pittsburgh,2020,32766999,15,2184466,2
948,Pittsburgh,2021,27413000,13,2108692,2
949,Pittsburgh,2022,21397000,13,1645923,2
950,Portland State,2013,0,0,0,1
951,Portland State,2014,0,0,0,1
952,Portland State,2015,0,0,0,1
953,Portland State,2016,0,0,0,1
954,Portland State,2017,0,0,0,1
955,Portland State,2018,939000,1,939000,1
956,Portland State,2019,939000,1,939000,1
957,Portland State,2020,1330000,2,665000,1
958,Portland State,2021,391000,1,391000,1
959,Portland State,2022,391000,1,391000,1
960,Purdue,2013,14457000,7,2065285,2
961,Purdue,2014,14457000,7,2065285,2
962,Purdue,2015,14457000,7,2065285,2
963,Purdue,2016,14457000,7,2065285,2
964,Purdue,2017,9368000,7,1338285,1
965,Purdue,2018,12712000,11,1155636,1
966,Purdue,2019,22870000,16,1429375,2
967,Purdue,2020,26460000,19,1392631,2
968,Purdue,2021,19865000,14,1418928,2
969,Purdue,2022,23922000,13,1840153,2
970,Rice,2013,7843000,7,1120428,1
971,Rice,2014,7843000,7,1120428,1
972,Rice,2015,7843000,7,1120428,1
973,Rice,2016,7843000,7,1120428,1
974,Rice,2017,4900000,5,980000,1
975,Rice,2018,2220000,3,740000,1
976,Rice,2019,2107000,2,1053500,1
977,Rice,2020,653000,1,653000,1
978,Rice,2021,0,0,0,1
979,Rice,2022,0,0,0,1
980,Rutgers,2013,13006000,7,1858000,2
981,Rutgers,2014,13006000,7,1858000,2
982,Rutgers,2015,13006000,7,1858000,2
983,Rutgers,2016,13006000,7,1858000,2
984,Rutgers,2017,10851000,6,1808500,2
985,Rutgers,2018,10370000,5,2074000,2
986,Rutgers,2019,8118000,5,1623600,2
987,Rutgers,2020,6566000,4,1641500,2
988,Rutgers,2021,4553000,4,1138250,1
989,Rutgers,2022,4321000,4,1080250,1
990,SMU,2013,6919000,7,988428,1
991,SMU,2014,6919000,7,988428,1
992,SMU,2015,6919000,7,988428,1
993,SMU,2016,6919000,7,988428,1
994,SMU,2017,7109000,8,888625,1
995,SMU,2018,6941000,9,771222,1
996,SMU,2019,5201000,8,650125,1
997,SMU,2020,6422000,7,917428,1
998,SMU,2021,9191000,11,835545,1
999,SMU,2022,9459000,14,675642,1
1000,San Diego State,2013,2910000,6,485000,1
1001,San Diego State,2014,2910000,6,485000,1
1002,San Diego State,2015,2910000,6,485000,1
1003,San Diego State,2016,2910000,6,485000,1
1004,San Diego State,2017,1961000,5,392200,1
1005,San Diego State,2018,2134000,5,426800,1
1006,San Diego State,2019,2068000,4,517000,1
1007,San Diego State,2020,2435000,6,405833,1
1008,San Diego State,2021,2950000,6,491666,1
1009,San Diego State,2022,4114000,6,685666,1
1010,San Jose State,2013,3567000,5,713400,1
1011,San Jose State,2014,3567000,5,713400,1
1012,San Jose State,2015,3567000,5,713400,1
1013,San Jose State,2016,3567000,5,713400,1
1014,San Jose State,2017,2069000,3,689666,1
1015,San Jose State,2018,952000,2,476000,1
1016,San Jose State,2019,952000,2,476000,1
1017,San Jose State,2020,525000,2,262500,1
1018,San Jose State,2021,1873000,3,624333,1
1019,San Jose State,2022,2585000,6,430833,1
1020,South Alabama,2013,287000,1,287000,1
1021,South Alabama,2014,287000,1,287000,1
1022,South Alabama,2015,287000,1,287000,1
1023,South Alabama,2016,287000,1,287000,1
1024,South Alabama,2017,287000,1,287000,1
1025,South Alabama,2018,1253000,2,626500,1
1026,South Alabama,2019,966000,1,966000,1
1027,South Alabama,2020,3194000,3,1064666,1
1028,South Alabama,2021,3682000,5,736400,1
1029,South Alabama,2022,3682000,5,736400,1
1030,South Carolina,2013,53889000,16,3368062,3
1031,South Carolina,2014,53889000,16,3368062,3
1032,South Carolina,2015,53889000,16,3368062,3
1033,South Carolina,2016,53889000,16,3368062,3
1034,South Carolina,2017,36232000,13,2787076,2
1035,South Carolina,2018,38859000,16,2428687,2
1036,South Carolina,2019,33866000,14,2419000,2
1037,South Carolina,2020,39552000,15,2636800,3
1038,South Carolina,2021,33151000,13,2550076,2
1039,South Carolina,2022,30977000,15,2065133,2
1040,South Dakota State,2013,0,0,0,1
1041,South Dakota State,2014,0,0,0,1
1042,South Dakota State,2015,0,0,0,1
1043,South Dakota State,2016,0,0,0,1
1044,South Dakota State,2017,0,0,0,1
1045,South Dakota State,2018,0,0,0,1
1046,South Dakota State,2019,0,0,0,1
1047,South Dakota State,2020,392000,1,392000,1
1048,South Dakota State,2021,392000,1,392000,1
1049,South Dakota State,2022,392000,1,392000,1
1050,South Florida,2013,9097000,9,1010777,1
1051,South Florida,2014,9097000,9,1010777,1
1052,South Florida,2015,9097000,9,1010777,1
1053,South Florida,2016,9097000,9,1010777,1
1054,South Florida,2017,10555000,9,1172777,1
1055,South Florida,2018,16006000,11,1455090,2
1056,South Florida,2019,17193000,11,1563000,2
1057,South Florida,2020,16771000,11,1524636,2
1058,South Florida,2021,10027000,8,1253375,1
1059,South Florida,2022,9432000,10,943200,1
1060,Southeast Louisiana,2013,0,0,0,1
1061,Southeast Louisiana,2014,0,0,0,1
1062,Southeast Louisiana,2015,0,0,0,1
1063,Southeast Louisiana,2016,0,0,0,1
1064,Southeast Louisiana,2017,0,0,0,1
1065,Southeast Louisiana,2018,0,0,0,1
1066,Southeast Louisiana,2019,858000,1,858000,1
1067,Southeast Louisiana,2020,858000,1,858000,1
1068,Southeast Louisiana,2021,858000,1,858000,1
1069,Southeast Louisiana,2022,0,0,0,1
1070,Southern Mississippi,2013,2779000,3,926333,1
1071,Southern Mississippi,2014,2779000,3,926333,1
1072,Southern Mississippi,2015,2779000,3,926333,1
1073,Southern Mississippi,2016,2779000,3,926333,1
1074,Southern Mississippi,2017,2779000,3,926333,1
1075,Southern Mississippi,2018,999000,2,499500,1
1076,Southern Mississippi,2019,0,0,0,1
1077,Southern Mississippi,2020,1290000,1,1290000,1
1078,Southern Mississippi,2021,1572000,2,786000,1
1079,Southern Mississippi,2022,1572000,2,786000,1
1080,Stanford,2013,71386000,28,2549500,2
1081,Stanford,2014,71386000,28,2549500,2
1082,Stanford,2015,71386000,28,2549500,2
1083,Stanford,2016,71386000,28,2549500,2
1084,Stanford,2017,65491000,28,2338964,2
1085,Stanford,2018,65369000,30,2178966,2
1086,Stanford,2019,50099000,25,2003960,2
1087,Stanford,2020,44911000,24,1871291,2
1088,Stanford,2021,29301000,17,1723588,2
1089,Stanford,2022,25709000,18,1428277,2
1090,Stephen F. Austin,2013,269000,1,269000,1
1091,Stephen F. Austin,2014,269000,1,269000,1
1092,Stephen F. Austin,2015,269000,1,269000,1
1093,Stephen F. Austin,2016,269000,1,269000,1
1094,Stephen F. Austin,2017,269000,1,269000,1
1095,Stephen F. Austin,2018,269000,1,269000,1
1096,Stephen F. Austin,2019,0,0,0,1
1097,Stephen F. Austin,2020,0,0,0,1
1098,Stephen F. Austin,2021,248000,1,248000,1
1099,Stephen F. Austin,2022,248000,1,248000,1
1100,Syracuse,2013,18577000,7,2653857,2
1101,Syracuse,2014,18577000,7,2653857,2
1102,Syracuse,2015,18577000,7,2653857,2
1103,Syracuse,2016,18577000,7,2653857,2
1104,Syracuse,2017,18001000,8,2250125,2
1105,Syracuse,2018,16367000,8,2045875,2
1106,Syracuse,2019,21564000,11,1960363,2
1107,Syracuse,2020,24856000,14,1775428,2
1108,Syracuse,2021,19880000,12,1656666,2
1109,Syracuse,2022,10780000,8,1347500,2
1110,TCU,2013,46602000,25,1864080,2
1111,TCU,2014,46602000,25,1864080,2
1112,TCU,2015,46602000,25,1864080,2
1113,TCU,2016,46602000,25,1864080,2
1114,TCU,2017,46323000,27,1715666,2
1115,TCU,2018,54006000,30,1800200,2
1116,TCU,2019,54987000,30,1832900,2
1117,TCU,2020,51854000,29,1788068,2
1118,TCU,2021,42443999,27,1571999,2
1119,TCU,2022,27074999,23,1177173,1
1120,Temple,2013,16496000,9,1832888,2
1121,Temple,2014,16496000,9,1832888,2
1122,Temple,2015,16496000,9,1832888,2
1123,Temple,2016,16496000,9,1832888,2
1124,Temple,2017,17622999,11,1602090,2
1125,Temple,2018,20623999,13,1586461,2
1126,Temple,2019,10444999,10,1044499,1
1127,Temple,2020,7260000,10,726000,1
1128,Temple,2021,3233000,6,538833,1
1129,Temple,2022,2425000,5,485000,1
1130,Tennessee,2013,68514665,19,3606035,3
1131,Tennessee,2014,68514665,19,3606035,3
1132,Tennessee,2015,68514665,19,3606035,3
1133,Tennessee,2016,68514665,19,3606035,3
1134,Tennessee,2017,74001999,18,4111222,3
1135,Tennessee,2018,81052999,19,4265947,4
1136,Tennessee,2019,71520000,18,3973333,3
1137,Tennessee,2020,51076000,15,3405066,3
1138,Tennessee,2021,40774999,13,3136538,3
1139,Tennessee,2022,43803999,14,3128857,3
1140,Texas,2013,53927998,24,2246999,2
1141,Texas,2014,53927998,24,2246999,2
1142,Texas,2015,53927998,24,2246999,2
1143,Texas,2016,53927998,24,2246999,2
1144,Texas,2017,67074998,26,2579807,2
1145,Texas,2018,75967998,27,2813629,3
1146,Texas,2019,100087999,30,3336266,3
1147,Texas,2020,102264999,29,3526379,3
1148,Texas,2021,99582000,27,3688222,3
1149,Texas,2022,78594000,25,3143760,3
1150,Texas A&M,2013,90334999,19,4754473,4
1151,Texas A&M,2014,90334999,19,4754473,4
1152,Texas A&M,2015,90334999,19,4754473,4
1153,Texas A&M,2016,90334999,19,4754473,4
1154,Texas A&M,2017,65903999,16,4118999,3
1155,Texas A&M,2018,59442000,17,3496588,3
1156,Texas A&M,2019,67262000,21,3202952,3
1157,Texas A&M,2020,63173000,20,3158650,3
1158,Texas A&M,2021,61675000,19,3246052,3
1159,Texas A&M,2022,66284000,17,3899058,4
1160,Texas State,2013,436000,1,436000,1
1161,Texas State,2014,436000,1,436000,1
1162,Texas State,2015,436000,1,436000,1
1163,Texas State,2016,436000,1,436000,1
1164,Texas State,2017,664000,2,332000,1
1165,Texas State,2018,228000,1,228000,1
1166,Texas State,2019,228000,1,228000,1
1167,Texas State,2020,0,0,0,1
1168,Texas State,2021,2422000,3,807333,1
1169,Texas State,2022,2422000,3,807333,1
1170,Texas Tech,2013,37702000,25,1508080,2
1171,Texas Tech,2014,37702000,25,1508080,2
1172,Texas Tech,2015,37702000,25,1508080,2
1173,Texas Tech,2016,37702000,25,1508080,2
1174,Texas Tech,2017,30423000,25,1216920,1
1175,Texas Tech,2018,28897000,24,1204041,1
1176,Texas Tech,2019,30754000,25,1230160,1
1177,Texas Tech,2020,32049000,25,1281960,1
1178,Texas Tech,2021,34895000,27,1292407,1
1179,Texas Tech,2022,30713000,26,1181269,1
1180,Toledo,2013,2874000,4,718500,1
1181,Toledo,2014,2874000,4,718500,1
1182,Toledo,2015,2874000,4,718500,1
1183,Toledo,2016,2874000,4,718500,1
1184,Toledo,2017,4758000,8,594750,1
1185,Toledo,2018,4095000,8,511875,1
1186,Toledo,2019,3468000,7,495428,1
1187,Toledo,2020,1769000,4,442250,1
1188,Toledo,2021,1368000,3,456000,1
1189,Toledo,2022,1087000,3,362333,1
1190,Troy,2013,0,0,0,1
1191,Troy,2014,0,0,0,1
1192,Troy,2015,0,0,0,1
1193,Troy,2016,0,0,0,1
1194,Troy,2017,269000,1,269000,1
1195,Troy,2018,494000,2,247000,1
1196,Troy,2019,494000,2,247000,1
1197,Troy,2020,673000,2,336500,1
1198,Troy,2021,1885000,3,628333,1
1199,Troy,2022,2175000,4,543750,1
1200,Tulane,2013,981000,3,327000,1
1201,Tulane,2014,981000,3,327000,1
1202,Tulane,2015,981000,3,327000,1
1203,Tulane,2016,981000,3,327000,1
1204,Tulane,2017,857000,2,428500,1
1205,Tulane,2018,284000,1,284000,1
1206,Tulane,2019,1400000,3,466666,1
1207,Tulane,2020,3385000,6,564166,1
1208,Tulane,2021,7263000,12,605250,1
1209,Tulane,2022,10459000,15,697266,1
1210,Tulsa,2013,4199000,7,599857,1
1211,Tulsa,2014,4199000,7,599857,1
1212,Tulsa,2015,4199000,7,599857,1
1213,Tulsa,2016,4199000,7,599857,1
1214,Tulsa,2017,8028000,7,1146857,1
1215,Tulsa,2018,9125000,10,912500,1
1216,Tulsa,2019,9701000,11,881909,1
1217,Tulsa,2020,6626000,10,662600,1
1218,Tulsa,2021,10543000,13,811000,1
1219,Tulsa,2022,12382000,16,773875,1
1220,UAB,2013,79000,1,79000,1
1221,UAB,2014,79000,1,79000,1
1222,UAB,2015,79000,1,79000,1
1223,UAB,2016,79000,1,79000,1
1224,UAB,2017,0,0,0,1
1225,UAB,2018,0,0,0,1
1226,UAB,2019,722000,1,722000,1
1227,UAB,2020,722000,1,722000,1
1228,UAB,2021,1219000,2,609500,1
1229,UAB,2022,2456000,3,818666,1
1230,UCF,2013,14850000,14,1060714,1
1231,UCF,2014,14850000,14,1060714,1
1232,UCF,2015,14850000,14,1060714,1
1233,UCF,2016,14850000,14,1060714,1
1234,UCF,2017,9670000,10,967000,1
1235,UCF,2018,13158000,9,1462000,2
1236,UCF,2019,23467000,13,1805153,2
1237,UCF,2020,30036000,21,1430285,2
1238,UCF,2021,29747000,23,1293347,1
1239,UCF,2022,23830000,21,1134761,1
1240,UCLA,2013,56455999,27,2090962,2
1241,UCLA,2014,56455999,27,2090962,2
1242,UCLA,2015,56455999,27,2090962,2
1243,UCLA,2016,56455999,27,2090962,2
1244,UCLA,2017,52917998,28,1889928,2
1245,UCLA,2018,46017998,26,1769923,2
1246,UCLA,2019,42115998,26,1619846,2
1247,UCLA,2020,36402999,23,1582739,2
1248,UCLA,2021,25778000,21,1227523,1
1249,UCLA,2022,27556000,21,1312190,2
1250,UNLV,2013,1313000,2,656500,1
1251,UNLV,2014,1313000,2,656500,1
1252,UNLV,2015,1313000,2,656500,1
1253,UNLV,2016,1313000,2,656500,1
1254,UNLV,2017,2076000,3,692000,1
1255,UNLV,2018,2349000,5,469800,1
1256,UNLV,2019,2406000,5,481200,1
1257,UNLV,2020,1643000,4,410750,1
1258,UNLV,2021,708000,2,354000,1
1259,UNLV,2022,700000,2,350000,1
1260,USC,2013,70553000,29,2432862,2
1261,USC,2014,70553000,29,2432862,2
1262,USC,2015,70553000,29,2432862,2
1263,USC,2016,70553000,29,2432862,2
1264,USC,2017,81987000,31,2644741,2
1265,USC,2018,88415000,32,2762968,3
1266,USC,2019,89087000,31,2873774,3
1267,USC,2020,79186999,31,2554419,2
1268,USC,2021,57181999,24,2382583,2
1269,USC,2022,42207999,23,1835130,2
1270,UTEP,2013,2067000,5,413400,1
1271,UTEP,2014,2067000,5,413400,1
1272,UTEP,2015,2067000,5,413400,1
1273,UTEP,2016,2067000,5,413400,1
1274,UTEP,2017,799000,3,266333,1
1275,UTEP,2018,1111000,1,1111000,1
1276,UTEP,2019,1111000,1,1111000,1
1277,UTEP,2020,1111000,1,1111000,1
1278,UTEP,2021,129000,1,129000,1
1279,UTEP,2022,888000,3,296000,1
1280,UTSA,2013,1326000,3,442000,1
1281,UTSA,2014,1326000,3,442000,1
1282,UTSA,2015,1326000,3,442000,1
1283,UTSA,2016,1326000,3,442000,1
1284,UTSA,2017,2046000,4,511500,1
1285,UTSA,2018,1621000,3,540333,1
1286,UTSA,2019,954000,2,477000,1
1287,UTSA,2020,234000,1,234000,1
1288,UTSA,2021,1275000,4,318750,1
1289,UTSA,2022,1453000,4,363250,1
1290,Utah,2013,30177999,19,1588315,2
1291,Utah,2014,30177999,19,1588315,2
1292,Utah,2015,30177999,19,1588315,2
1293,Utah,2016,30177999,19,1588315,2
1294,Utah,2017,36268999,21,1727095,2
1295,Utah,2018,36876000,25,1475040,2
1296,Utah,2019,26927999,22,1223999,1
1297,Utah,2020,33324999,23,1448913,2
1298,Utah,2021,28850999,17,1697117,2
1299,Utah,2022,31375000,18,1743055,2
1300,Utah State,2013,5878000,9,653111,1
1301,Utah State,2014,5878000,9,653111,1
1302,Utah State,2015,5878000,9,653111,1
1303,Utah State,2016,5878000,9,653111,1
1304,Utah State,2017,5680000,10,568000,1
1305,Utah State,2018,5137000,8,642125,1
1306,Utah State,2019,4971000,8,621375,1
1307,Utah State,2020,4612000,6,768666,1
1308,Utah State,2021,4078000,7,582571,1
1309,Utah State,2022,3193000,7,456142,1
1310,Vanderbilt,2013,15309000,8,1913625,2
1311,Vanderbilt,2014,15309000,8,1913625,2
1312,Vanderbilt,2015,15309000,8,1913625,2
1313,Vanderbilt,2016,15309000,8,1913625,2
1314,Vanderbilt,2017,10828000,6,1804666,2
1315,Vanderbilt,2018,17464000,8,2183000,2
1316,Vanderbilt,2019,16370000,7,2338571,2
1317,Vanderbilt,2020,15421000,7,2203000,2
1318,Vanderbilt,2021,9675000,5,1935000,2
1319,Vanderbilt,2022,5516000,4,1379000,2
1320,Virginia,2013,24816000,10,2481600,2
1321,Virginia,2014,24816000,10,2481600,2
1322,Virginia,2015,24816000,10,2481600,2
1323,Virginia,2016,24816000,10,2481600,2
1324,Virginia,2017,21528000,10,2152800,2
1325,Virginia,2018,17935000,9,1992777,2
1326,Virginia,2019,14871000,9,1652333,2
1327,Virginia,2020,24613000,12,2051083,2
1328,Virginia,2021,17556000,8,2194500,2
1329,Virginia,2022,19102000,10,1910200,2
1330,Virginia Tech,2013,45276999,16,2829812,2
1331,Virginia Tech,2014,45276999,16,2829812,2
1332,Virginia Tech,2015,45276999,16,2829812,2
1333,Virginia Tech,2016,45276999,16,2829812,2
1334,Virginia Tech,2017,49217999,17,2895176,3
1335,Virginia Tech,2018,48994999,17,2882058,3
1336,Virginia Tech,2019,48721000,18,2706722,3
1337,Virginia Tech,2020,39326000,16,2457875,2
1338,Virginia Tech,2021,27529000,12,2294083,2
1339,Virginia Tech,2022,16869000,10,1686900,2
1340,Wake Forest,2013,10951000,8,1368875,1
1341,Wake Forest,2014,10951000,8,1368875,1
1342,Wake Forest,2015,10951000,8,1368875,1
1343,Wake Forest,2016,10951000,8,1368875,1
1344,Wake Forest,2017,10547000,8,1318375,1
1345,Wake Forest,2018,14308000,10,1430800,2
1346,Wake Forest,2019,15272000,11,1388363,2
1347,Wake Forest,2020,15419000,11,1401727,2
1348,Wake Forest,2021,13218000,9,1468666,2
1349,Wake Forest,2022,13941000,10,1394100,2
1350,Washington,2013,29679999,22,1349090,1
1351,Washington,2014,29679999,22,1349090,1
1352,Washington,2015,29679999,22,1349090,1
1353,Washington,2016,29679999,22,1349090,1
1354,Washington,2017,41541999,22,1888272,2
1355,Washington,2018,45677999,23,1985999,2
1356,Washington,2019,62281000,26,2395423,2
1357,Washington,2020,52797999,26,2030692,2
1358,Washington,2021,44810999,21,2133857,2
1359,Washington,2022,29770999,18,1653944,2
1360,Washington State,2013,20314000,16,1269625,1
1361,Washington State,2014,20314000,16,1269625,1
1362,Washington State,2015,20314000,16,1269625,1
1363,Washington State,2016,20314000,16,1269625,1
1364,Washington State,2017,24025999,17,1413294,1
1365,Washington State,2018,31569999,20,1578499,2
1366,Washington State,2019,37608999,21,1790904,2
1367,Washington State,2020,35994999,19,1894473,2
1368,Washington State,2021,25191999,14,1799428,2
1369,Washington State,2022,18099999,13,1392307,2
1370,West Virginia,2013,28785000,22,1308409,1
1371,West Virginia,2014,28785000,22,1308409,1
1372,West Virginia,2015,28785000,22,1308409,1
1373,West Virginia,2016,28785000,22,1308409,1
1374,West Virginia,2017,29709999,24,1237916,1
1375,West Virginia,2018,34285999,24,1428583,2
1376,West Virginia,2019,48925999,26,1881769,2
1377,West Virginia,2020,49262000,26,1894692,2
1378,West Virginia,2021,45334000,27,1679037,2
1379,West Virginia,2022,33991000,26,1307346,2
1380,Western Kentucky,2013,1807000,5,361400,1
1381,Western Kentucky,2014,1807000,5,361400,1
1382,Western Kentucky,2015,1807000,5,361400,1
1383,Western Kentucky,2016,1807000,5,361400,1
1384,Western Kentucky,2017,4744000,6,790666,1
1385,Western Kentucky,2018,4281000,5,856200,1
1386,Western Kentucky,2019,4802000,3,1600666,2
1387,Western Kentucky,2020,1409000,1,1409000,2
1388,Western Kentucky,2021,2197000,2,1098500,1
1389,Western Kentucky,2022,788000,1,788000,1
1390,Western Michigan,2013,4386000,2,2193000,2
1391,Western Michigan,2014,4386000,2,2193000,2
1392,Western Michigan,2015,4386000,2,2193000,2
1393,Western Michigan,2016,4386000,2,2193000,2
1394,Western Michigan,2017,7217000,6,1202833,1
1395,Western Michigan,2018,7433000,7,1061857,1
1396,Western Michigan,2019,4317000,7,616714,1
1397,Western Michigan,2020,2036000,5,407200,1
1398,Western Michigan,2021,3024000,6,504000,1
1399,Western Michigan,2022,3805000,6,634166,1
1400,Wisconsin,2013,54192000,18,3010666,3
1401,Wisconsin,2014,54192000,18,3010666,3
1402,Wisconsin,2015,54192000,18,3010666,3
1403,Wisconsin,2016,54192000,18,3010666,3
1404,Wisconsin,2017,79627000,20,3981350,3
1405,Wisconsin,2018,97339000,23,4232130,4
1406,Wisconsin,2019,102560999,27,3798555,3
1407,Wisconsin,2020,94765999,25,3790639,3
1408,Wisconsin,2021,66047999,17,3885176,3
1409,Wisconsin,2022,72776000,17,4280941,4
1410,Wyoming,2013,4833000,9,537000,1
1411,Wyoming,2014,4833000,9,537000,1
1412,Wyoming,2015,4833000,9,537000,1
1413,Wyoming,2016,4833000,9,537000,1
1414,Wyoming,2017,6442000,12,536833,1
1415,Wyoming,2018,4935000,10,493500,1
1416,Wyoming,2019,3648000,7,521142,1
1417,Wyoming,2020,2049000,3,683000,1
1418,Wyoming,2021,1439000,2,719500,1
1419,Wyoming,2022,1893000,3,631000,1
